2026年广州市普通高中名额分配结果,,,,,,,,,,,,,,,,,,,,,,,,,,,,,,,,,,,,,,,,,,,,,,,,,,,,,,,,,,,,,,,,,,,,,,,
序号,代码,初中学校,,,,"名额
考生",,,省市名额,,,"区属
名额",,,华附石牌,,华附知识城,,省实荔湾,,省实白云,,广雅荔湾,,广雅花都,,执信越秀,,执信天河,,"二
中",,六中海珠,,六中从化,,六中花都,,侨中,,协和,,广附,,"铁
__
越
秀",,"铁
__
番
禺",,"铁
__
白
云",,广州外国语,,清湾智谷,,清湾智慧城,,"__
中",,四中,,,南海中学,,,西外,,真光本部,,真光汾水,,真光广钢
,0103 ,荔湾区,,,,6417 ,6417 ,6417 ,332 ,332 ,332 ,2053 ,2053 ,2053 ,10 ,10 ,12 ,12 ,20 ,20 ,15 ,15 ,19 ,19 ,15 ,15 ,15 ,15 ,22 ,22 ,27 ,27 ,21 ,21 ,10 ,10 ,13 ,13 ,10 ,10 ,17 ,17 ,22 ,22 ,9 ,9 ,10 ,10 ,17 ,17 ,20 ,20 ,11 ,11 ,17 ,17 ,418 ,418 ,369 ,369 ,369 ,264 ,264 ,264 ,263 ,263 ,418 ,418 ,110 ,110 ,211 
1 ,010301,广州市第一中学,,,,595 ,595 ,595 ,31 ,31 ,31 ,187 ,187 ,187 ,1 ,1 ,0 ,0 ,1 ,1 ,1 ,1 ,2 ,2 ,2 ,2 ,3 ,3 ,3 ,3 ,0 ,0 ,4 ,4 ,0 ,0 ,1 ,1 ,0 ,0 ,2 ,2 ,4 ,4 ,1 ,1 ,0 ,0 ,2 ,2 ,3 ,3 ,1 ,1 ,0 ,0 ,43 ,43 ,27 ,27 ,27 ,20 ,20 ,20 ,32 ,32 ,34 ,34 ,12 ,12 ,19 
2 ,010302,广州市第四中学,,,,835 ,835 ,835 ,43 ,43 ,43 ,262 ,262 ,262 ,2 ,2 ,3 ,3 ,1 ,1 ,1 ,1 ,1 ,1 ,0 ,0 ,2 ,2 ,1 ,1 ,4 ,4 ,1 ,1 ,4 ,4 ,1 ,1 ,3 ,3 ,2 ,2 ,3 ,3 ,1 ,1 ,1 ,1 ,5 ,5 ,4 ,4 ,1 ,1 ,2 ,2 ,50 ,50 ,50 ,50 ,50 ,25 ,25 ,25 ,24 ,24 ,64 ,64 ,14 ,14 ,35 
3 ,010303,广州市南海中学,,,,230 ,230 ,230 ,12 ,12 ,12 ,72 ,72 ,72 ,0 ,0 ,0 ,0 ,0 ,0 ,1 ,1 ,0 ,0 ,1 ,1 ,1 ,1 ,1 ,1 ,3 ,3 ,0 ,0 ,0 ,0 ,1 ,1 ,1 ,1 ,0 ,0 ,3 ,3 ,0 ,0 ,0 ,0 ,0 ,0 ,0 ,0 ,0 ,0 ,0 ,0 ,19 ,19 ,8 ,8 ,8 ,11 ,11 ,11 ,10 ,10 ,16 ,16 ,1 ,1 ,7 
4 ,010304,广州市西关外国语学校,,,,573 ,573 ,573 ,30 ,30 ,30 ,180 ,180 ,180 ,1 ,1 ,1 ,1 ,1 ,1 ,3 ,3 ,1 ,1 ,2 ,2 ,0 ,0 ,2 ,2 ,2 ,2 ,2 ,2 ,1 ,1 ,3 ,3 ,1 ,1 ,1 ,1 ,3 ,3 ,3 ,3 ,0 ,0 ,1 ,1 ,1 ,1 ,1 ,1 ,0 ,0 ,49 ,49 ,38 ,38 ,38 ,14 ,14 ,14 ,14 ,14 ,38 ,38 ,9 ,9 ,18 
5 ,010305,广州市第一中学十甫学校,,,,67 ,67 ,67 ,3 ,3 ,3 ,23 ,23 ,23 ,0 ,0 ,0 ,0 ,0 ,0 ,0 ,0 ,0 ,0 ,1 ,1 ,0 ,0 ,1 ,1 ,0 ,0 ,0 ,0 ,1 ,1 ,0 ,0 ,0 ,0 ,0 ,0 ,0 ,0 ,0 ,0 ,0 ,0 ,0 ,0 ,0 ,0 ,0 ,0 ,0 ,0 ,6 ,6 ,2 ,2 ,2 ,2 ,2 ,2 ,4 ,4 ,7 ,7 ,0 ,0 ,2 
6 ,010306,广州市第四中学丰宁学校,,,,55 ,55 ,55 ,3 ,3 ,3 ,19 ,19 ,19 ,0 ,0 ,0 ,0 ,0 ,0 ,0 ,0 ,0 ,0 ,0 ,0 ,0 ,0 ,0 ,0 ,0 ,0 ,0 ,0 ,0 ,0 ,0 ,0 ,1 ,1 ,0 ,0 ,0 ,0 ,0 ,0 ,1 ,1 ,0 ,0 ,1 ,1 ,0 ,0 ,0 ,0 ,5 ,5 ,4 ,4 ,4 ,2 ,2 ,2 ,3 ,3 ,2 ,2 ,1 ,1 ,2 
7 ,010307,广州市西关培英中学,,,,142 ,142 ,142 ,7 ,7 ,7 ,44 ,44 ,44 ,0 ,0 ,0 ,0 ,2 ,2 ,0 ,0 ,0 ,0 ,0 ,0 ,0 ,0 ,1 ,1 ,0 ,0 ,1 ,1 ,0 ,0 ,0 ,0 ,1 ,1 ,1 ,1 ,0 ,0 ,0 ,0 ,1 ,1 ,0 ,0 ,0 ,0 ,0 ,0 ,0 ,0 ,3 ,3 ,13 ,13 ,13 ,5 ,5 ,5 ,7 ,7 ,12 ,12 ,0 ,0 ,4 
8 ,010308,广州市陈嘉庚纪念中学,,,,120 ,120 ,120 ,6 ,6 ,6 ,42 ,42 ,42 ,0 ,0 ,0 ,0 ,0 ,0 ,0 ,0 ,2 ,2 ,1 ,1 ,0 ,0 ,1 ,1 ,0 ,0 ,0 ,0 ,0 ,0 ,0 ,0 ,0 ,0 ,1 ,1 ,0 ,0 ,0 ,0 ,0 ,0 ,0 ,0 ,0 ,0 ,0 ,0 ,1 ,1 ,11 ,11 ,8 ,8 ,8 ,5 ,5 ,5 ,8 ,8 ,5 ,5 ,3 ,3 ,2 
9 ,010312,广州市美华中学,,,,166 ,166 ,166 ,8 ,8 ,8 ,58 ,58 ,58 ,1 ,1 ,0 ,0 ,0 ,0 ,0 ,0 ,0 ,0 ,1 ,1 ,0 ,0 ,0 ,0 ,1 ,1 ,2 ,2 ,1 ,1 ,0 ,0 ,0 ,0 ,0 ,0 ,1 ,1 ,0 ,0 ,0 ,0 ,0 ,0 ,0 ,0 ,1 ,1 ,0 ,0 ,13 ,13 ,10 ,10 ,10 ,8 ,8 ,8 ,4 ,4 ,15 ,15 ,0 ,0 ,8 
10 ,010314,广州市西关外国语流花学校,,,,54 ,54 ,54 ,3 ,3 ,3 ,19 ,19 ,19 ,0 ,0 ,0 ,0 ,0 ,0 ,0 ,0 ,0 ,0 ,0 ,0 ,0 ,0 ,0 ,0 ,1 ,1 ,0 ,0 ,0 ,0 ,1 ,1 ,0 ,0 ,0 ,0 ,0 ,0 ,0 ,0 ,0 ,0 ,0 ,0 ,0 ,0 ,0 ,0 ,1 ,1 ,3 ,3 ,2 ,2 ,2 ,4 ,4 ,4 ,4 ,4 ,3 ,3 ,2 ,2 ,1 
11 ,010318,广州市第一中学红岩学校,,,,109 ,109 ,109 ,6 ,6 ,6 ,38 ,38 ,38 ,0 ,0 ,0 ,0 ,3 ,3 ,0 ,0 ,0 ,0 ,0 ,0 ,0 ,0 ,1 ,1 ,0 ,0 ,1 ,1 ,0 ,0 ,0 ,0 ,0 ,0 ,0 ,0 ,1 ,1 ,0 ,0 ,0 ,0 ,0 ,0 ,0 ,0 ,0 ,0 ,0 ,0 ,13 ,13 ,6 ,6 ,6 ,1 ,1 ,1 ,9 ,9 ,4 ,4 ,1 ,1 ,4 
12 ,010319,广州市真光中学东激学校,,,,73 ,73 ,73 ,4 ,4 ,4 ,25 ,25 ,25 ,0 ,0 ,0 ,0 ,0 ,0 ,0 ,0 ,0 ,0 ,1 ,1 ,0 ,0 ,0 ,0 ,1 ,1 ,0 ,0 ,0 ,0 ,0 ,0 ,0 ,0 ,0 ,0 ,0 ,0 ,0 ,0 ,0 ,0 ,1 ,1 ,1 ,1 ,0 ,0 ,0 ,0 ,6 ,6 ,5 ,5 ,5 ,4 ,4 ,4 ,3 ,3 ,2 ,2 ,3 ,3 ,2 
13 ,010320,广州市真光中学文伟学校,,,,102 ,102 ,102 ,5 ,5 ,5 ,35 ,35 ,35 ,0 ,0 ,0 ,0 ,0 ,0 ,0 ,0 ,0 ,0 ,0 ,0 ,0 ,0 ,2 ,2 ,1 ,1 ,0 ,0 ,0 ,0 ,0 ,0 ,0 ,0 ,1 ,1 ,0 ,0 ,0 ,0 ,0 ,0 ,0 ,0 ,1 ,1 ,0 ,0 ,0 ,0 ,5 ,5 ,8 ,8 ,8 ,6 ,6 ,6 ,3 ,3 ,6 ,6 ,4 ,4 ,3 
14 ,010321,广州市真光中学金道学校,,,,254 ,254 ,254 ,13 ,13 ,13 ,88 ,88 ,88 ,0 ,0 ,0 ,0 ,0 ,0 ,1 ,1 ,1 ,1 ,0 ,0 ,0 ,0 ,2 ,2 ,0 ,0 ,1 ,1 ,1 ,1 ,0 ,0 ,0 ,0 ,0 ,0 ,2 ,2 ,1 ,1 ,1 ,1 ,1 ,1 ,2 ,2 ,0 ,0 ,0 ,0 ,13 ,13 ,10 ,10 ,10 ,17 ,17 ,17 ,14 ,14 ,19 ,19 ,11 ,11 ,4 
15 ,010322,广州市第四中学花地学校,,,,135 ,135 ,135 ,7 ,7 ,7 ,47 ,47 ,47 ,0 ,0 ,0 ,0 ,1 ,1 ,0 ,0 ,2 ,2 ,0 ,0 ,0 ,0 ,0 ,0 ,0 ,0 ,0 ,0 ,0 ,0 ,1 ,1 ,0 ,0 ,1 ,1 ,0 ,0 ,0 ,0 ,1 ,1 ,0 ,0 ,0 ,0 ,1 ,1 ,0 ,0 ,5 ,5 ,14 ,14 ,14 ,7 ,7 ,7 ,8 ,8 ,4 ,4 ,2 ,2 ,7 
16 ,010330,广州市荔湾区芳华初级中学,,,,4 ,4 ,4 ,1 ,1 ,1 ,1 ,1 ,1 ,0 ,0 ,0 ,0 ,0 ,0 ,0 ,0 ,0 ,0 ,0 ,0 ,0 ,0 ,0 ,0 ,0 ,0 ,0 ,0 ,0 ,0 ,0 ,0 ,0 ,0 ,0 ,0 ,0 ,0 ,0 ,0 ,0 ,0 ,0 ,0 ,0 ,0 ,1 ,1 ,0 ,0 ,0 ,0 ,0 ,0 ,0 ,0 ,0 ,0 ,0 ,0 ,1 ,1 ,0 ,0 ,0 
17 ,010331,广州市荔湾区新苗学校,,,,0 ,0 ,0 ,0 ,0 ,0 ,0 ,0 ,0 ,0 ,0 ,0 ,0 ,0 ,0 ,0 ,0 ,0 ,0 ,0 ,0 ,0 ,0 ,0 ,0 ,0 ,0 ,0 ,0 ,0 ,0 ,0 ,0 ,0 ,0 ,0 ,0 ,0 ,0 ,0 ,0 ,0 ,0 ,0 ,0 ,0 ,0 ,0 ,0 ,0 ,0 ,0 ,0 ,0 ,0 ,0 ,0 ,0 ,0 ,0 ,0 ,0 ,0 ,0 ,0 ,0 
18 ,010332,广州市荔湾区同心学校,,,,1 ,1 ,1 ,0 ,0 ,0 ,1 ,1 ,1 ,0 ,0 ,0 ,0 ,0 ,0 ,0 ,0 ,0 ,0 ,0 ,0 ,0 ,0 ,0 ,0 ,0 ,0 ,0 ,0 ,0 ,0 ,0 ,0 ,0 ,0 ,0 ,0 ,0 ,0 ,0 ,0 ,0 ,0 ,0 ,0 ,0 ,0 ,0 ,0 ,0 ,0 ,0 ,0 ,0 ,0 ,0 ,1 ,1 ,1 ,0 ,0 ,0 ,0 ,0 ,0 ,0 
19 ,010333,广州市荔湾区新晖学校,,,,0 ,0 ,0 ,0 ,0 ,0 ,0 ,0 ,0 ,0 ,0 ,0 ,0 ,0 ,0 ,0 ,0 ,0 ,0 ,0 ,0 ,0 ,0 ,0 ,0 ,0 ,0 ,0 ,0 ,0 ,0 ,0 ,0 ,0 ,0 ,0 ,0 ,0 ,0 ,0 ,0 ,0 ,0 ,0 ,0 ,0 ,0 ,0 ,0 ,0 ,0 ,0 ,0 ,0 ,0 ,0 ,0 ,0 ,0 ,0 ,0 ,0 ,0 ,0 ,0 ,0 
20 ,010334,广州市荔湾区广豪学校,,,,6 ,6 ,6 ,1 ,1 ,1 ,2 ,2 ,2 ,0 ,0 ,0 ,0 ,0 ,0 ,0 ,0 ,0 ,0 ,0 ,0 ,0 ,0 ,0 ,0 ,,,0 ,0 ,,,,,,,,,,,,,,,,,,,,,,,,,,,,,,,0 ,0 ,1 ,1 ,0 ,0 ,0 
21 ,010335,广州市荔湾区荔广实验学校,,,,155 ,155 ,155 ,8 ,8 ,8 ,49 ,49 ,49 ,0 ,0 ,0 ,0 ,1 ,1 ,0 ,0 ,0 ,0 ,1 ,1 ,2 ,2 ,0 ,0 ,,,0 ,0 ,,,,,,,,,,,,,,,,,,,,,,,,,,,,,,,3 ,3 ,9 ,9 ,3 ,3 ,3 
22 ,010336,广州市荔湾区博雅中英文学校,,,,1 ,1 ,1 ,0 ,0 ,0 ,1 ,1 ,1 ,0 ,0 ,0 ,0 ,0 ,0 ,0 ,0 ,0 ,0 ,0 ,0 ,0 ,0 ,0 ,0 ,,,0 ,0 ,,,,,,,,,,,,,,,,,,,,,,,,,,,,,,,0 ,0 ,1 ,1 ,0 ,0 ,0 
23 ,010337,广州市荔湾区东沙博雅实验学校,,,,2 ,2 ,2 ,0 ,0 ,0 ,1 ,1 ,1 ,0 ,0 ,0 ,0 ,0 ,0 ,0 ,0 ,0 ,0 ,0 ,0 ,0 ,0 ,0 ,0 ,,,0 ,0 ,,,,,,,,,,,,,,,,,,,,,,,,,,,,,,,0 ,0 ,0 ,0 ,0 ,0 ,1 
24 ,010340,广州市荔湾区博雅实验学校,,,,1 ,1 ,1 ,0 ,0 ,0 ,1 ,1 ,1 ,0 ,0 ,0 ,0 ,0 ,0 ,0 ,0 ,0 ,0 ,0 ,0 ,0 ,0 ,0 ,0 ,,,0 ,0 ,,,,,,,,,,,,,,,,,,,,,,,,,,,,,,,0 ,0 ,0 ,0 ,0 ,0 ,0 
25 ,010341,广州市荔湾区君诚博雅实验学校,,,,0 ,0 ,0 ,0 ,0 ,0 ,0 ,0 ,0 ,0 ,0 ,0 ,0 ,0 ,0 ,0 ,0 ,0 ,0 ,0 ,0 ,0 ,0 ,0 ,0 ,,,0 ,0 ,,,,,,,,,,,,,,,,,,,,,,,,,,,,,,,0 ,0 ,0 ,0 ,0 ,0 ,0 
26 ,010342,广州市荔湾区海龙博雅中英文学校,,,,0 ,0 ,0 ,0 ,0 ,0 ,0 ,0 ,0 ,0 ,0 ,0 ,0 ,0 ,0 ,0 ,0 ,0 ,0 ,0 ,0 ,0 ,0 ,0 ,0 ,,,0 ,0 ,,,,,,,,,,,,,,,,,,,,,,,,,,,,,,,0 ,0 ,0 ,0 ,0 ,0 ,0 
27 ,010343,广州市真光中学,,,,1066 ,1066 ,1066 ,55 ,55 ,55 ,335 ,335 ,335 ,1 ,1 ,3 ,3 ,3 ,3 ,2 ,2 ,4 ,4 ,3 ,3 ,3 ,3 ,2 ,2 ,,,3 ,3 ,,,,,,,,,,,,,,,,,,,,,,,,,,,,,,,40 ,40 ,71 ,71 ,14 ,14 ,43 
28 ,010344,广州协和学校,,,,209 ,209 ,209 ,11 ,11 ,11 ,65 ,65 ,65 ,0 ,0 ,2 ,2 ,0 ,0 ,0 ,0 ,0 ,0 ,2 ,2 ,1 ,1 ,1 ,1 ,,,0 ,0 ,,,,,,,,,,,,,,,,,,,,,,,,,,,,,,,11 ,11 ,9 ,9 ,2 ,2 ,5 
29 ,010345,广州市荔湾区西关广雅实验学校,,,,426 ,426 ,426 ,22 ,22 ,22 ,134 ,134 ,134 ,1 ,1 ,2 ,2 ,2 ,2 ,1 ,1 ,2 ,2 ,0 ,0 ,1 ,1 ,1 ,1 ,,,2 ,2 ,,,,,,,,,,,,,,,,,,,,,,,,,,,,,,,17 ,17 ,16 ,16 ,12 ,12 ,13 
30 ,010347,中国教育科学研究院荔湾实验学校,,,,333 ,333 ,333 ,17 ,17 ,17 ,104 ,104 ,104 ,2 ,2 ,0 ,0 ,3 ,3 ,1 ,1 ,0 ,0 ,0 ,0 ,0 ,0 ,1 ,1 ,,,1 ,1 ,,,,,,,,,,,,,,,,,,,,,,,,,,,,,,,13 ,13 ,28 ,28 ,2 ,2 ,9 
31 ,010348,广东实验中学荔湾学校,,,,510 ,510 ,510 ,26 ,26 ,26 ,160 ,160 ,160 ,1 ,1 ,1 ,1 ,2 ,2 ,4 ,4 ,3 ,3 ,0 ,0 ,1 ,1 ,2 ,2 ,,,1 ,1 ,,,,,,,,,,,,,,,,,,,,,,,,,,,,,,,24 ,24 ,32 ,32 ,10 ,10 ,14 
32 ,010349,广东广雅中学(荔湾校区),,,,148 ,148 ,148 ,8 ,8 ,8 ,46 ,46 ,46 ,0 ,0 ,0 ,0 ,0 ,0 ,0 ,0 ,1 ,1 ,0 ,0 ,1 ,1 ,0 ,0 ,,,1 ,1 ,,,,,,,,,,,,,,,,,,,,,,,,,,,,,,,8 ,8 ,15 ,15 ,4 ,4 ,4 
33 ,010374,广州荔湾爱莎文华学校,,,,45 ,45 ,45 ,2 ,2 ,2 ,14 ,14 ,14 ,0 ,0 ,0 ,0 ,0 ,0 ,0 ,0 ,0 ,0 ,0 ,0 ,0 ,0 ,0 ,0 ,,,1 ,1 ,,,,,,,,,,,,,,,,,,,,,,,,,,,,,,,0 ,0 ,4 ,4 ,0 ,0 ,1 
,,,,,,,,,,,,,,,,,,,,,,,,,,,,,,,,,,,,,,,,,,,,,,,,,,,,,,,,,,,,,,,,,,,,,,,
"注:各初中学校分得的名额分配计划已包含面向集团直接分配的名额.                                                                                                                                                      2026_05_12 15:21
第2页 共2页",,,,,,,,,,,,,,,,,,,,,,,,,,,,,,,,,,,,,,,,,,,,,,,,,,,,,,,,,,,,,,,,,,,,,,,
序号,代码,初中学校,,名额考生,,,省市名额,,"区属
名额",,,,华附石牌,,华附知识城,,省实荔湾,省实白云,,广雅荔湾,广雅花都,,执信越秀,,执信天河,,"二
中",,六中海珠,,六中从化,,六中花都,侨中,,协和,,广附,"   铁
   _
   越
   秀",,"铁
__
番
禺",,"   铁
   _
   白
   云",,广州外国语,,清湾智谷,,清湾智慧城,,三中,,七中本部,,七中麓湖,,十三中,,十六中本部,,,十六中水荫,,,十七中,,省实越秀,,培正,,育才
,0104 ,越秀区,,10225 ,10225 ,,543 ,543 ,2686 ,2686 ,2686 ,,17 ,17 ,20 ,20 ,32 ,23 ,,31 ,23 ,23 ,24 ,24 ,35 ,35 ,44 ,44 ,33 ,33 ,16 ,16 ,21 ,29 ,,27 ,,36 ,    15 ,    15 ,16 ,16 ,    26 ,    26 ,31 ,31 ,18 ,18 ,26 ,26 ,324 ,324 ,283 ,283 ,270 ,270 ,168 ,168 ,301 ,301 ,301 ,150 ,150 ,150 ,216 ,216 ,299 ,299 ,351 ,351 ,324 
1 ,010401,广州市第三中学,,469 ,469 ,,24 ,24 ,123 ,123 ,123 ,,0 ,0 ,1 ,1 ,4 ,4 ,,1 ,2 ,2 ,2 ,2 ,2 ,2 ,0 ,0 ,3 ,3 ,1 ,1 ,1 ,2 ,,1 ,,0 ,   0 ,   0 ,0 ,0 ,   0 ,   0 ,0 ,0 ,0 ,0 ,0 ,0 ,12 ,12 ,13 ,13 ,11 ,11 ,11 ,11 ,14 ,14 ,14 ,7 ,7 ,7 ,9 ,9 ,13 ,13 ,13 ,13 ,20 
2 ,010402,广州市第七中学,,508 ,508 ,,26 ,26 ,133 ,133 ,133 ,,1 ,1 ,2 ,2 ,2 ,0 ,,1 ,3 ,3 ,2 ,2 ,1 ,1 ,3 ,3 ,2 ,2 ,0 ,0 ,0 ,1 ,,1 ,,2 ,   0 ,   0 ,0 ,0 ,   2 ,   2 ,1 ,1 ,2 ,2 ,0 ,0 ,13 ,13 ,13 ,13 ,14 ,14 ,7 ,7 ,17 ,17 ,17 ,7 ,7 ,7 ,7 ,7 ,17 ,17 ,17 ,17 ,21 
3 ,010403,广州市第十中学,,277 ,277 ,,14 ,14 ,73 ,73 ,73 ,,0 ,0 ,0 ,0 ,1 ,1 ,,2 ,0 ,0 ,2 ,2 ,3 ,3 ,1 ,1 ,0 ,0 ,0 ,0 ,0 ,1 ,,1 ,,1 ,   0 ,   0 ,0 ,0 ,   0 ,   0 ,0 ,0 ,1 ,1 ,0 ,0 ,12 ,12 ,11 ,11 ,8 ,8 ,2 ,2 ,5 ,5 ,5 ,3 ,3 ,3 ,7 ,7 ,9 ,9 ,6 ,6 ,10 
4 ,010404,广州市第十三中学,,353 ,353 ,,18 ,18 ,92 ,92 ,92 ,,0 ,0 ,0 ,0 ,1 ,0 ,,0 ,0 ,0 ,0 ,0 ,1 ,1 ,1 ,1 ,2 ,2 ,1 ,1 ,1 ,1 ,,3 ,,2 ,   1 ,   1 ,1 ,1 ,   1 ,   1 ,0 ,0 ,0 ,0 ,2 ,2 ,14 ,14 ,12 ,12 ,11 ,11 ,7 ,7 ,7 ,7 ,7 ,6 ,6 ,6 ,7 ,7 ,9 ,9 ,7 ,7 ,12 
5 ,010406,广州市第十六中学,,467 ,467 ,,24 ,24 ,122 ,122 ,122 ,,0 ,0 ,0 ,0 ,3 ,0 ,,1 ,2 ,2 ,1 ,1 ,0 ,0 ,1 ,1 ,1 ,1 ,3 ,3 ,0 ,2 ,,3 ,,0 ,   1 ,   1 ,2 ,2 ,   1 ,   1 ,0 ,0 ,1 ,1 ,2 ,2 ,9 ,9 ,18 ,18 ,16 ,16 ,7 ,7 ,11 ,11 ,11 ,7 ,7 ,7 ,17 ,17 ,13 ,13 ,14 ,14 ,10 
6 ,010407,广州市第十七中学,,343 ,343 ,,18 ,18 ,90 ,90 ,90 ,,2 ,2 ,0 ,0 ,0 ,0 ,,1 ,5 ,5 ,1 ,1 ,0 ,0 ,3 ,3 ,1 ,1 ,1 ,1 ,0 ,0 ,,0 ,,0 ,   1 ,   1 ,0 ,0 ,   1 ,   1 ,1 ,1 ,1 ,1 ,0 ,0 ,5 ,5 ,16 ,16 ,11 ,11 ,7 ,7 ,15 ,15 ,15 ,5 ,5 ,5 ,5 ,5 ,6 ,6 ,9 ,9 ,11 
7 ,010408,广东实验中学越秀学校,,467 ,467 ,,24 ,24 ,122 ,122 ,122 ,,1 ,1 ,0 ,0 ,1 ,1 ,,2 ,0 ,0 ,0 ,0 ,1 ,1 ,3 ,3 ,2 ,2 ,1 ,1 ,1 ,1 ,,0 ,,4 ,   1 ,   1 ,0 ,0 ,   1 ,   1 ,2 ,2 ,1 ,1 ,1 ,1 ,15 ,15 ,10 ,10 ,10 ,10 ,12 ,12 ,14 ,14 ,14 ,6 ,6 ,6 ,2 ,2 ,14 ,14 ,21 ,21 ,18 
8 ,010412,广州市第三中学实验学校,,232 ,232 ,,12 ,12 ,61 ,61 ,61 ,,1 ,1 ,2 ,2 ,1 ,0 ,,0 ,0 ,0 ,2 ,2 ,1 ,1 ,0 ,0 ,2 ,2 ,1 ,1 ,1 ,0 ,,0 ,,0 ,   0 ,   0 ,0 ,0 ,   0 ,   0 ,0 ,0 ,1 ,1 ,0 ,0 ,6 ,6 ,5 ,5 ,3 ,3 ,6 ,6 ,8 ,8 ,8 ,5 ,5 ,5 ,6 ,6 ,5 ,5 ,12 ,12 ,5 
9 ,010413,广州市第十六中学东华实验学校,,313 ,313 ,,16 ,16 ,82 ,82 ,82 ,,0 ,0 ,1 ,1 ,0 ,0 ,,0 ,1 ,1 ,2 ,2 ,0 ,0 ,1 ,1 ,2 ,2 ,0 ,0 ,1 ,1 ,,0 ,,0 ,   1 ,   1 ,2 ,2 ,   0 ,   0 ,2 ,2 ,1 ,1 ,1 ,1 ,9 ,9 ,10 ,10 ,11 ,11 ,3 ,3 ,13 ,13 ,13 ,4 ,4 ,4 ,6 ,6 ,14 ,14 ,5 ,5 ,7 
10 ,010417,广州市培正中学,,470 ,470 ,,24 ,24 ,123 ,123 ,123 ,,1 ,1 ,1 ,1 ,2 ,1 ,,2 ,1 ,1 ,0 ,0 ,2 ,2 ,4 ,4 ,0 ,0 ,2 ,2 ,1 ,0 ,,0 ,,1 ,   1 ,   1 ,0 ,0 ,   3 ,   3 ,1 ,1 ,1 ,1 ,0 ,0 ,14 ,14 ,14 ,14 ,10 ,10 ,7 ,7 ,15 ,15 ,15 ,9 ,9 ,9 ,13 ,13 ,10 ,10 ,16 ,16 ,15 
11 ,010418,广州市育才中学,,505 ,505 ,,26 ,26 ,132 ,132 ,132 ,,1 ,1 ,2 ,2 ,1 ,1 ,,2 ,2 ,2 ,0 ,0 ,2 ,2 ,2 ,2 ,1 ,1 ,1 ,1 ,1 ,0 ,,1 ,,2 ,   1 ,   1 ,1 ,1 ,   1 ,   1 ,0 ,0 ,1 ,1 ,3 ,3 ,23 ,23 ,11 ,11 ,15 ,15 ,6 ,6 ,14 ,14 ,14 ,7 ,7 ,7 ,12 ,12 ,15 ,15 ,17 ,17 ,12 
12 ,010419,广州市第十六中学实验学校,,449 ,449 ,,23 ,23 ,118 ,118 ,118 ,,1 ,1 ,1 ,1 ,3 ,1 ,,0 ,0 ,0 ,2 ,2 ,1 ,1 ,2 ,2 ,2 ,2 ,0 ,0 ,2 ,0 ,,0 ,,2 ,   0 ,   0 ,3 ,3 ,   2 ,   2 ,0 ,0 ,0 ,0 ,1 ,1 ,10 ,10 ,10 ,10 ,13 ,13 ,9 ,9 ,13 ,13 ,13 ,9 ,9 ,9 ,12 ,12 ,12 ,12 ,15 ,15 ,15 
13 ,010421,广州市知用学校,,351 ,351 ,,18 ,18 ,92 ,92 ,92 ,,2 ,2 ,2 ,2 ,0 ,1 ,,1 ,2 ,2 ,2 ,2 ,0 ,0 ,3 ,3 ,0 ,0 ,0 ,0 ,1 ,0 ,,1 ,,2 ,   0 ,   0 ,1 ,1 ,   0 ,   0 ,0 ,0 ,0 ,0 ,0 ,0 ,14 ,14 ,10 ,10 ,3 ,3 ,2 ,2 ,14 ,14 ,14 ,3 ,3 ,3 ,9 ,9 ,8 ,8 ,18 ,18 ,11 
14 ,010422,广州市华侨外国语学校,,282 ,282 ,,15 ,15 ,74 ,74 ,74 ,,0 ,0 ,2 ,2 ,0 ,0 ,,1 ,1 ,1 ,0 ,0 ,3 ,3 ,0 ,0 ,1 ,1 ,0 ,0 ,0 ,0 ,,0 ,,3 ,   1 ,   1 ,1 ,1 ,   0 ,   0 ,2 ,2 ,0 ,0 ,0 ,0 ,8 ,8 ,3 ,3 ,5 ,5 ,5 ,5 ,10 ,10 ,10 ,5 ,5 ,5 ,8 ,8 ,8 ,8 ,13 ,13 ,9 
15 ,010423,广州市八一实验学校,,252 ,252 ,,13 ,13 ,66 ,66 ,66 ,,0 ,0 ,0 ,0 ,1 ,0 ,,1 ,1 ,1 ,0 ,0 ,1 ,1 ,2 ,2 ,1 ,1 ,0 ,0 ,0 ,1 ,,2 ,,0 ,   1 ,   1 ,0 ,0 ,   0 ,   0 ,0 ,0 ,0 ,0 ,2 ,2 ,8 ,8 ,7 ,7 ,5 ,5 ,6 ,6 ,6 ,6 ,6 ,7 ,7 ,7 ,4 ,4 ,10 ,10 ,5 ,5 ,8 
16 ,010424,广州市东风实验学校,,296 ,296 ,,15 ,15 ,77 ,77 ,77 ,,0 ,0 ,1 ,1 ,1 ,0 ,,0 ,0 ,0 ,1 ,1 ,4 ,4 ,3 ,3 ,0 ,0 ,0 ,0 ,0 ,0 ,,1 ,,1 ,   0 ,   0 ,0 ,0 ,   1 ,   1 ,0 ,0 ,0 ,0 ,2 ,2 ,10 ,10 ,6 ,6 ,6 ,6 ,8 ,8 ,7 ,7 ,7 ,3 ,3 ,3 ,8 ,8 ,11 ,11 ,7 ,7 ,11 
17 ,010425,广州市真光学校,,145 ,145 ,,8 ,8 ,43 ,43 ,43 ,,0 ,0 ,0 ,0 ,0 ,0 ,,1 ,0 ,0 ,1 ,1 ,0 ,0 ,0 ,0 ,1 ,1 ,0 ,0 ,1 ,0 ,,1 ,,1 ,   1 ,   1 ,0 ,0 ,   0 ,   0 ,1 ,1 ,0 ,0 ,0 ,0 ,11 ,11 ,0 ,0 ,5 ,5 ,1 ,1 ,3 ,3 ,3 ,1 ,1 ,1 ,1 ,1 ,7 ,7 ,7 ,7 ,7 
18 ,010427,广州市第七中学东山学校,,291 ,291 ,,15 ,15 ,76 ,76 ,76 ,,0 ,0 ,0 ,0 ,0 ,2 ,,1 ,0 ,0 ,2 ,2 ,1 ,1 ,3 ,3 ,2 ,2 ,0 ,0 ,0 ,0 ,,0 ,,1 ,   0 ,   0 ,0 ,0 ,   1 ,   1 ,1 ,1 ,1 ,1 ,0 ,0 ,6 ,6 ,10 ,10 ,9 ,9 ,6 ,6 ,9 ,9 ,9 ,2 ,2 ,2 ,3 ,3 ,10 ,10 ,13 ,13 ,8 
19 ,010430,广州市第七中学实验学校,,220 ,220 ,,11 ,11 ,58 ,58 ,58 ,,0 ,0 ,0 ,0 ,3 ,0 ,,0 ,1 ,1 ,0 ,0 ,1 ,1 ,0 ,0 ,1 ,1 ,1 ,1 ,1 ,0 ,,0 ,,1 ,   1 ,   1 ,0 ,0 ,   0 ,   0 ,0 ,0 ,0 ,0 ,1 ,1 ,7 ,7 ,6 ,6 ,3 ,3 ,7 ,7 ,6 ,6 ,6 ,5 ,5 ,5 ,5 ,5 ,6 ,6 ,7 ,7 ,6 
注:各初中学校分得的名额分配计划已包含面向集团直接分配的名额                                                                                                                                                        2026_05_12 15:21,,,,,,,,,,,,,,,,,,,,,,,,,,,,,,,,,,,,,,,,,,,,,,,,,,,,,,,,,,,,,,,,,,,,,,,
序号,代码,初中学校,,,,名额考生,,,省市名额,,区属名额,,华附石牌,,华附知识城,,省实荔湾,,省实白云,,广雅荔湾,,广雅花都,,执信越秀,,执信天河,,"二
中",六中海珠,,,六中从化,六中花都,,侨中,,协和,,广附,,"铁
__
越
秀",,"铁
__
番
禺",,"铁
__
白
云",,广州外国语,,清湾智谷,,清湾智慧城,,三中,七中本部,,七中麓湖,,十三中,,,十六中本部,,,十六中水荫,十七中,,省实越秀,,培正,育才
20 ,010431,广州市培正中学矿泉学校,,,,97 ,,,5 ,5 ,28 ,,1 ,1 ,0 ,0 ,0 ,,1 ,,0 ,0 ,0 ,0 ,0 ,0 ,0 ,0 ,1 ,0 ,,,0 ,0 ,,0 ,,0 ,,0 ,,0 ,,0 ,,0 ,,0 ,,1 ,,1 ,,3 ,1 ,1 ,3 ,3 ,0 ,0 ,0 ,6 ,6 ,6 ,0 ,2 ,,3 ,,5 ,5 
21 ,010432,广州市第二中学(越秀校区),,,,499 ,,,26 ,26 ,131 ,,1 ,1 ,1 ,1 ,1 ,,3 ,,4 ,4 ,0 ,0 ,0 ,0 ,1 ,1 ,0 ,2 ,,,0 ,0 ,,2 ,,2 ,,3 ,,2 ,,2 ,,0 ,,2 ,,0 ,,0 ,,18 ,16 ,16 ,12 ,12 ,9 ,9 ,9 ,12 ,12 ,12 ,7 ,11 ,,16 ,,18 ,12 
22 ,010434,广东实验中学(越秀校区),,,,607 ,,,32 ,32 ,159 ,,1 ,1 ,2 ,2 ,1 ,,2 ,,3 ,3 ,0 ,0 ,1 ,1 ,1 ,1 ,3 ,0 ,,,0 ,0 ,,1 ,,1 ,,2 ,,1 ,,0 ,,4 ,,6 ,,0 ,,3 ,,15 ,16 ,16 ,21 ,21 ,12 ,12 ,12 ,14 ,14 ,14 ,11 ,8 ,,22 ,,20 ,20 
23 ,010435,广州大学附属中学(越秀校区),,,,491 ,,,26 ,26 ,129 ,,2 ,2 ,1 ,1 ,0 ,,2 ,,2 ,2 ,0 ,0 ,1 ,1 ,1 ,1 ,2 ,2 ,,,2 ,2 ,,0 ,,1 ,,0 ,,1 ,,1 ,,2 ,,2 ,,1 ,,1 ,,30 ,13 ,13 ,7 ,7 ,10 ,10 ,10 ,12 ,12 ,12 ,5 ,11 ,,11 ,,19 ,11 
24 ,010436,广州市铁一中学(越秀校区),,,,389 ,,,20 ,20 ,102 ,,0 ,0 ,1 ,1 ,1 ,,1 ,,0 ,0 ,0 ,0 ,1 ,1 ,1 ,1 ,1 ,1 ,,,1 ,0 ,,0 ,,2 ,,2 ,,0 ,,0 ,,2 ,,1 ,,2 ,,3 ,,11 ,14 ,14 ,17 ,17 ,4 ,4 ,4 ,9 ,9 ,9 ,6 ,7 ,,13 ,,14 ,7 
25 ,010437,广东华侨中学(越秀校区),,,,376 ,,,33 ,33 ,98 ,,2 ,2 ,0 ,0 ,1 ,,1 ,,1 ,1 ,1 ,1 ,1 ,1 ,1 ,1 ,0 ,0 ,,,1 ,3 ,,14 ,,2 ,,2 ,,0 ,,1 ,,0 ,,1 ,,0 ,,1 ,,8 ,9 ,9 ,12 ,12 ,4 ,4 ,4 ,9 ,9 ,9 ,5 ,9 ,,10 ,,14 ,18 
26 ,010438,广州市越秀区育才实验学校,,,,290 ,,,15 ,15 ,76 ,,0 ,0 ,0 ,0 ,2 ,,0 ,,0 ,0 ,0 ,0 ,0 ,0 ,3 ,3 ,2 ,1 ,,,0 ,0 ,,1 ,,0 ,,1 ,,0 ,,0 ,,2 ,,2 ,,1 ,,0 ,,10 ,7 ,7 ,12 ,12 ,0 ,0 ,0 ,12 ,12 ,12 ,5 ,9 ,,8 ,,7 ,6 
27 ,010440,广州市越秀区雄鹰学校,,,,4 ,,,1 ,1 ,1 ,,0 ,0 ,0 ,0 ,0 ,,0 ,,0 ,0 ,0 ,0 ,0 ,0 ,0 ,0 ,1 ,0 ,,,0 ,0 ,,0 ,,0 ,,0 ,,0 ,,0 ,,0 ,,0 ,,0 ,,0 ,,0 ,0 ,0 ,0 ,0 ,0 ,0 ,0 ,0 ,0 ,0 ,0 ,0 ,,0 ,,0 ,1 
28 ,010441,广州市执信中学(越秀校区),,,,526 ,,,27 ,27 ,138 ,,0 ,0 ,0 ,0 ,0 ,,1 ,,4 ,4 ,0 ,0 ,0 ,0 ,1 ,1 ,1 ,1 ,,,0 ,3 ,,1 ,,3 ,,3 ,,0 ,,0 ,,1 ,,4 ,,2 ,,2 ,,13 ,17 ,17 ,13 ,13 ,7 ,7 ,7 ,20 ,20 ,20 ,7 ,11 ,,13 ,,20 ,17 
29 ,010442,广州市越秀区汇泉学校,,,,28 ,,,2 ,2 ,7 ,,0 ,0 ,0 ,0 ,0 ,,0 ,,0 ,0 ,0 ,0 ,0 ,0 ,0 ,0 ,0 ,1 ,,,0 ,0 ,,0 ,,0 ,,0 ,,0 ,,0 ,,0 ,,1 ,,0 ,,0 ,,2 ,0 ,0 ,0 ,0 ,0 ,0 ,0 ,1 ,1 ,1 ,0 ,1 ,,0 ,,1 ,2 
30 ,010443,广州市越秀区名德实验学校,,,,163 ,,,9 ,9 ,43 ,,0 ,0 ,0 ,0 ,2 ,,0 ,,0 ,0 ,1 ,1 ,0 ,0 ,2 ,2 ,1 ,0 ,,,0 ,1 ,,0 ,,1 ,,0 ,,0 ,,0 ,,0 ,,1 ,,0 ,,0 ,,5 ,4 ,4 ,3 ,3 ,0 ,0 ,0 ,4 ,4 ,4 ,2 ,4 ,,5 ,,8 ,8 
31 ,010444,广州海印实验学校,,,,65 ,,,3 ,3 ,17 ,,0 ,0 ,0 ,0 ,0 ,,0 ,,0 ,0 ,0 ,0 ,0 ,0 ,0 ,0 ,0 ,1 ,,,0 ,0 ,,0 ,,0 ,,0 ,,0 ,,1 ,,1 ,,0 ,,0 ,,0 ,,3 ,1 ,1 ,1 ,1 ,3 ,3 ,3 ,1 ,1 ,1 ,1 ,2 ,,1 ,,3 ,1 
"注:各初中学校分得的名额分配计划已包含面向集团直接分配的名额.                                                                                                                                                      2026_05_12 15:21
第2页 共2页",,,,,,,,,,,,,,,,,,,,,,,,,,,,,,,,,,,,,,,,,,,,,,,,,,,,,,,,,,,,,,,,,,,,,,,
序号,代码,初中学校,,,,"名额
考生",,,省市名额,,,"区属
名额",,,华附石牌,,华附知识城,省实荔湾,,省实白云,,广雅荔湾,,广雅花都,执信越秀,,执信天河,,"二
中",六中海珠,,,六中从化,六中花都,,侨中,,协和,,广附,,"铁
__
越
秀",,"铁
__
番
禺",,"铁
__
白
云",,广州外国语,清湾智谷,,清湾智慧城,,五中本部,,五中金碧,,南武本部,,南武岭南画派,,,九十七本部,,,九十七江南新苑,,"四
十
__
中",,海珠外国语本部,,海珠外国语江海
,0105 ,海珠区,,,,8326 ,,,431 ,431 ,,2036 ,,,14 ,14 ,16 ,26 ,,19 ,,25 ,,19 ,20 ,20 ,28 ,28 ,35 ,27 ,,,13 ,17 ,,13 ,,22 ,,29 ,,12 ,,13 ,,22 ,,25 ,14 ,,22 ,,294 ,,305 ,305 ,280 ,280 ,207 ,207 ,207 ,200 ,200 ,200 ,100 ,,225 ,,210 ,,215 
1 ,010501,广州市第五中学,,,,392 ,,,20 ,20 ,,94 ,,,1 ,1 ,0 ,4 ,,0 ,,2 ,,0 ,1 ,1 ,2 ,2 ,2 ,0 ,,,1 ,1 ,,2 ,,1 ,,0 ,,0 ,,1 ,,1 ,,0 ,1 ,,0 ,,15 ,,17 ,17 ,10 ,10 ,10 ,10 ,10 ,10 ,10 ,10 ,3 ,,7 ,,9 ,,13 
2 ,010503,广州市第二十六中学,,,,190 ,,,10 ,10 ,,51 ,,,0 ,0 ,0 ,0 ,,2 ,,0 ,,1 ,0 ,0 ,0 ,0 ,0 ,0 ,,,0 ,0 ,,0 ,,1 ,,4 ,,1 ,,1 ,,0 ,,0 ,0 ,,0 ,,6 ,,14 ,14 ,8 ,8 ,5 ,5 ,5 ,2 ,2 ,2 ,5 ,,3 ,,4 ,,4 
3 ,010504,广州市南武第二实验学校,,,,189 ,,,10 ,10 ,,45 ,,,0 ,0 ,0 ,1 ,,1 ,,0 ,,1 ,0 ,0 ,0 ,0 ,1 ,0 ,,,1 ,0 ,,1 ,,0 ,,0 ,,0 ,,0 ,,3 ,,1 ,0 ,,0 ,,5 ,,9 ,9 ,8 ,8 ,4 ,4 ,4 ,2 ,2 ,2 ,3 ,,6 ,,4 ,,4 
4 ,010505,广州市第四十一中学,,,,549 ,,,28 ,28 ,,131 ,,,1 ,1 ,2 ,0 ,,3 ,,1 ,,0 ,2 ,2 ,3 ,3 ,0 ,3 ,,,1 ,0 ,,1 ,,2 ,,2 ,,0 ,,1 ,,3 ,,1 ,0 ,,2 ,,21 ,,18 ,18 ,18 ,18 ,8 ,8 ,8 ,14 ,14 ,14 ,3 ,,14 ,,13 ,,22 
5 ,010506,广州市海珠外国语实验中学,,,,269 ,,,14 ,14 ,,64 ,,,0 ,0 ,2 ,2 ,,0 ,,1 ,,0 ,1 ,1 ,2 ,2 ,0 ,2 ,,,0 ,0 ,,0 ,,1 ,,2 ,,0 ,,0 ,,0 ,,1 ,0 ,,0 ,,12 ,,6 ,6 ,13 ,13 ,9 ,9 ,9 ,5 ,5 ,5 ,1 ,,5 ,,7 ,,6 
6 ,010509,广州市南武中学,,,,517 ,,,27 ,27 ,,124 ,,,1 ,1 ,0 ,1 ,,3 ,,1 ,,0 ,2 ,2 ,1 ,1 ,3 ,2 ,,,2 ,3 ,,0 ,,0 ,,2 ,,1 ,,1 ,,0 ,,2 ,1 ,,1 ,,21 ,,18 ,18 ,19 ,19 ,18 ,18 ,18 ,9 ,9 ,9 ,4 ,,11 ,,12 ,,12 
7 ,01051 1,广州市五中滨江学校,,,,274 ,,,14 ,14 ,,75 ,,,0 ,0 ,1 ,0 ,,1 ,,1 ,,2 ,0 ,0 ,0 ,0 ,1 ,1 ,,,0 ,2 ,,0 ,,1 ,,1 ,,0 ,,0 ,,2 ,,1 ,0 ,,0 ,,10 ,,14 ,14 ,9 ,9 ,7 ,7 ,7 ,8 ,8 ,8 ,3 ,,9 ,,7 ,,8 
8 ,010512,广州市五中东晓学校,,,,209 ,,,11 ,11 ,,50 ,,,1 ,1 ,0 ,0 ,,0 ,,1 ,,0 ,1 ,1 ,0 ,0 ,0 ,0 ,,,0 ,1 ,,1 ,,0 ,,1 ,,1 ,,1 ,,1 ,,1 ,0 ,,1 ,,7 ,,6 ,6 ,5 ,5 ,2 ,2 ,2 ,7 ,7 ,7 ,4 ,,7 ,,5 ,,7 
9 ,010513,广州市第九十七中学,,,,361 ,,,19 ,19 ,,86 ,,,0 ,0 ,0 ,1 ,,0 ,,0 ,,2 ,1 ,1 ,1 ,1 ,2 ,2 ,,,0 ,0 ,,0 ,,1 ,,2 ,,0 ,,1 ,,2 ,,1 ,1 ,,2 ,,9 ,,10 ,10 ,16 ,16 ,9 ,9 ,9 ,7 ,7 ,7 ,4 ,,9 ,,15 ,,7 
10 ,010514,广州市海珠外国语实验中学附属学校,,,,230 ,,,12 ,12 ,,63 ,,,1 ,1 ,0 ,1 ,,1 ,,1 ,,0 ,1 ,1 ,1 ,1 ,1 ,0 ,,,0 ,1 ,,0 ,,0 ,,1 ,,0 ,,1 ,,1 ,,1 ,0 ,,0 ,,9 ,,12 ,12 ,6 ,6 ,5 ,5 ,5 ,7 ,7 ,7 ,1 ,,8 ,,6 ,,9 
11 ,010517,广州市九十七中晓园学校,,,,198 ,,,10 ,10 ,,54 ,,,0 ,0 ,0 ,0 ,,1 ,,0 ,,0 ,1 ,1 ,3 ,3 ,2 ,0 ,,,0 ,0 ,,0 ,,1 ,,1 ,,0 ,,0 ,,0 ,,1 ,0 ,,0 ,,6 ,,6 ,6 ,6 ,6 ,4 ,4 ,4 ,13 ,13 ,13 ,3 ,,3 ,,9 ,,4 
12 ,010518,广州市九十七中蓝天学校,,,,229 ,,,12 ,12 ,,55 ,,,0 ,0 ,0 ,0 ,,0 ,,0 ,,1 ,1 ,1 ,0 ,0 ,2 ,0 ,,,1 ,0 ,,0 ,,1 ,,2 ,,0 ,,0 ,,0 ,,1 ,1 ,,2 ,,10 ,,8 ,8 ,6 ,6 ,5 ,5 ,5 ,4 ,4 ,4 ,7 ,,6 ,,7 ,,2 
13 ,010519,广州市江南外国语学校,,,,667 ,,,34 ,34 ,,160 ,,,1 ,1 ,0 ,1 ,,0 ,,2 ,,1 ,3 ,3 ,1 ,1 ,6 ,4 ,,,1 ,3 ,,0 ,,1 ,,1 ,,1 ,,2 ,,3 ,,1 ,1 ,,1 ,,23 ,,31 ,31 ,25 ,25 ,19 ,19 ,19 ,13 ,13 ,13 ,6 ,,13 ,,13 ,,17 
14 ,010520,广州市景中实验中学,,,,332 ,,,17 ,17 ,,79 ,,,1 ,1 ,1 ,1 ,,0 ,,1 ,,0 ,0 ,0 ,2 ,2 ,1 ,3 ,,,0 ,0 ,,0 ,,1 ,,0 ,,1 ,,0 ,,2 ,,0 ,2 ,,1 ,,15 ,,9 ,9 ,7 ,7 ,8 ,8 ,8 ,6 ,6 ,6 ,5 ,,11 ,,9 ,,9 
15 ,010521,广州市绿翠现代实验学校,,,,624 ,,,32 ,32 ,,149 ,,,1 ,1 ,1 ,2 ,,1 ,,5 ,,1 ,1 ,1 ,1 ,1 ,2 ,1 ,,,0 ,1 ,,1 ,,2 ,,3 ,,3 ,,0 ,,0 ,,5 ,1 ,,0 ,,20 ,,19 ,19 ,20 ,20 ,13 ,13 ,13 ,11 ,11 ,11 ,11 ,,20 ,,16 ,,19 
16 ,010522,广州市聚德中学,,,,187 ,,,10 ,10 ,,45 ,,,1 ,1 ,0 ,1 ,,1 ,,0 ,,0 ,1 ,1 ,1 ,1 ,2 ,0 ,,,0 ,0 ,,1 ,,0 ,,1 ,,1 ,,0 ,,0 ,,0 ,0 ,,0 ,,5 ,,9 ,9 ,6 ,6 ,4 ,4 ,4 ,2 ,2 ,2 ,3 ,,6 ,,6 ,,4 
17 ,010524,广州市海珠区幼劳中学,,,,204 ,,,11 ,11 ,,56 ,,,0 ,0 ,1 ,1 ,,1 ,,0 ,,1 ,1 ,1 ,0 ,0 ,0 ,0 ,,,1 ,0 ,,2 ,,1 ,,1 ,,0 ,,0 ,,0 ,,1 ,0 ,,0 ,,6 ,,7 ,7 ,7 ,7 ,4 ,4 ,4 ,5 ,5 ,5 ,2 ,,13 ,,6 ,,6 
18 ,010525,广州市新滘中学,,,,149 ,,,8 ,8 ,,41 ,,,0 ,0 ,0 ,0 ,,1 ,,1 ,,0 ,0 ,0 ,1 ,1 ,0 ,0 ,,,0 ,2 ,,0 ,,1 ,,0 ,,0 ,,0 ,,1 ,,0 ,1 ,,0 ,,4 ,,1 ,1 ,4 ,4 ,10 ,10 ,10 ,12 ,12 ,12 ,1 ,,5 ,,2 ,,2 
19 ,010527,广州市海珠区黄埔中学,,,,8 ,,,1 ,1 ,,2 ,,,0 ,0 ,0 ,0 ,,0 ,,0 ,,1 ,0 ,0 ,0 ,0 ,0 ,0 ,,,0 ,0 ,,0 ,,0 ,,0 ,,0 ,,0 ,,0 ,,0 ,0 ,,0 ,,1 ,,0 ,0 ,0 ,0 ,0 ,0 ,0 ,0 ,0 ,0 ,0 ,,0 ,,0 ,,1 
注:各初中学校分得的名额分配计划已包含面向集团直接分配的名额.                                                                                                                                                      2026_05_12 15:21,,,,,,,,,,,,,,,,,,,,,,,,,,,,,,,,,,,,,,,,,,,,,,,,,,,,,,,,,,,,,,,,,,,,,,,
序号,代码,初中学校,,,,名额考生,,,省市名额,,区属名额,,华附石牌,,华附知识城,,省实荔湾,,省实白云,,广雅荔湾,广雅花都,,执信越秀,,执信天河,,"二
中",,六中海珠,六中从化,,六中花都,,侨中,,协和,,广附,,"铁
__
越
秀",,"铁
__
番
禺",,"铁
__
白
云",广州外国语,,,清湾智谷,清湾智慧城,,五中本部,,五中金碧,,南武本部,南武岭南画派,,,九十七本部,,"九十
七江
南新
苑",,,,"四
十
__
中",,"海珠
外国
语本
部",,,"海珠
外国
语江
海"
20 ,010530,中山大学附属中学,,,,345 ,,,18 ,18 ,83 ,,1 ,1 ,1 ,1 ,2 ,,0 ,,2 ,0 ,,1 ,,0 ,,0 ,,3 ,1 ,1 ,0 ,,1 ,,1 ,,1 ,,1 ,,0 ,,0 ,0 ,,,2 ,1 ,,11 ,,15 ,,12 ,13 ,13 ,,6 ,6 ,3 ,3 ,3 ,,11 ,,4 ,,,8 
21 ,010531,广州市南武实验学校,,,,277 ,,,14 ,14 ,66 ,,1 ,1 ,2 ,2 ,2 ,,0 ,,0 ,2 ,,0 ,,2 ,,0 ,,0 ,0 ,0 ,0 ,,0 ,,0 ,,0 ,,0 ,,0 ,,1 ,0 ,,,1 ,3 ,,9 ,,11 ,,9 ,5 ,5 ,,6 ,6 ,1 ,1 ,1 ,,8 ,,6 ,,,11 
22 ,010532,广州市海珠区六中珠江中学,,,,659 ,,,34 ,34 ,158 ,,0 ,0 ,2 ,2 ,3 ,,2 ,,1 ,2 ,,0 ,,5 ,,2 ,,4 ,1 ,1 ,0 ,,0 ,,1 ,,0 ,,1 ,,2 ,,1 ,3 ,,,1 ,3 ,,24 ,,14 ,,23 ,12 ,12 ,,18 ,18 ,11 ,11 ,11 ,,17 ,,18 ,,,21 
23 ,010533,广州市为明学校,,,,184 ,,,9 ,9 ,44 ,,0 ,0 ,0 ,0 ,0 ,,0 ,,1 ,1 ,,0 ,,0 ,,1 ,,0 ,0 ,0 ,1 ,,1 ,,0 ,,0 ,,0 ,,0 ,,0 ,2 ,,,0 ,2 ,,8 ,,6 ,,8 ,7 ,7 ,,4 ,4 ,1 ,1 ,1 ,,2 ,,4 ,,,4 
24 ,010535,广州市第六中学(海珠校区),,,,53 ,,,3 ,3 ,13 ,,0 ,0 ,0 ,0 ,0 ,,0 ,,0 ,0 ,,0 ,,1 ,,0 ,,0 ,0 ,0 ,0 ,,0 ,,0 ,,0 ,,1 ,,0 ,,0 ,0 ,,,0 ,1 ,,2 ,,3 ,,3 ,0 ,0 ,,0 ,0 ,1 ,1 ,1 ,,3 ,,1 ,,,0 
25 ,010539,广州市执信中学琶洲实验学校,,,,328 ,,,17 ,17 ,79 ,,1 ,1 ,1 ,1 ,1 ,,0 ,,1 ,1 ,,1 ,,0 ,,2 ,,0 ,2 ,2 ,1 ,,0 ,,2 ,,0 ,,0 ,,1 ,,1 ,1 ,,,0 ,1 ,,15 ,,16 ,,11 ,4 ,4 ,,11 ,11 ,3 ,3 ,3 ,,7 ,,8 ,,,4 
26 ,010540,广州市五中附属初级中学,,,,328 ,,,17 ,17 ,79 ,,2 ,2 ,1 ,1 ,0 ,,0 ,,1 ,2 ,,0 ,,1 ,,2 ,,0 ,1 ,1 ,0 ,,1 ,,2 ,,2 ,,0 ,,0 ,,0 ,1 ,,,1 ,0 ,,12 ,,14 ,,8 ,8 ,8 ,,7 ,7 ,4 ,4 ,4 ,,9 ,,10 ,,,7 
27 ,010542,广州市南武中学附属学校,,,,253 ,,,13 ,13 ,61 ,,0 ,0 ,0 ,0 ,2 ,,1 ,,2 ,0 ,,1 ,,0 ,,2 ,,1 ,0 ,0 ,0 ,,0 ,,0 ,,2 ,,0 ,,1 ,,0 ,0 ,,,0 ,1 ,,5 ,,6 ,,4 ,10 ,10 ,,10 ,10 ,6 ,6 ,6 ,,10 ,,6 ,,,4 
28 ,010573,广州市海珠中学,,,,22 ,,,1 ,1 ,5 ,,0 ,0 ,0 ,0 ,0 ,,0 ,,0 ,0 ,,0 ,,0 ,,0 ,,0 ,0 ,0 ,0 ,,1 ,,0 ,,0 ,,0 ,,0 ,,0 ,0 ,,,0 ,0 ,,1 ,,2 ,,1 ,0 ,0 ,,0 ,0 ,0 ,0 ,0 ,,0 ,,1 ,,,0 
29 ,010575,广州市海珠区育华学校,,,,0 ,,,0 ,0 ,0 ,,0 ,0 ,0 ,0 ,0 ,,0 ,,0 ,0 ,,0 ,,0 ,,0 ,,0 ,0 ,0 ,0 ,,0 ,,0 ,,0 ,,0 ,,0 ,,0 ,0 ,,,0 ,0 ,,0 ,,0 ,,0 ,0 ,0 ,,0 ,0 ,0 ,0 ,0 ,,0 ,,0 ,,,0 
30 ,010579,广州市海珠区华立学校,,,,2 ,,,0 ,0 ,1 ,,0 ,0 ,0 ,0 ,0 ,,0 ,,0 ,0 ,,0 ,,0 ,,0 ,,0 ,0 ,0 ,0 ,,0 ,,0 ,,0 ,,0 ,,0 ,,0 ,0 ,,,0 ,0 ,,0 ,,0 ,,0 ,1 ,1 ,,0 ,0 ,0 ,0 ,0 ,,0 ,,0 ,,,0 
31 ,010581,广州市海珠区康乐中学,,,,5 ,,,1 ,1 ,1 ,,0 ,0 ,0 ,0 ,0 ,,0 ,,0 ,0 ,,0 ,,0 ,,0 ,,0 ,0 ,0 ,0 ,,0 ,,1 ,,0 ,,0 ,,0 ,,0 ,0 ,,,0 ,0 ,,0 ,,0 ,,0 ,0 ,0 ,,0 ,0 ,0 ,0 ,0 ,,1 ,,0 ,,,0 
32 ,010582,广州市海珠区华洲实验学校,,,,3 ,,,0 ,0 ,1 ,,0 ,0 ,0 ,0 ,0 ,,0 ,,0 ,0 ,,0 ,,0 ,,0 ,,0 ,0 ,0 ,0 ,,0 ,,0 ,,0 ,,0 ,,0 ,,0 ,0 ,,,0 ,0 ,,1 ,,0 ,,0 ,0 ,0 ,,0 ,0 ,0 ,0 ,0 ,,0 ,,0 ,,,0 
33 ,010584,广州市海珠区华海双语学校,,,,23 ,,,1 ,1 ,5 ,,0 ,0 ,0 ,0 ,0 ,,0 ,,0 ,0 ,,0 ,,0 ,,1 ,,0 ,0 ,0 ,0 ,,0 ,,0 ,,0 ,,0 ,,0 ,,0 ,0 ,,,0 ,0 ,,0 ,,1 ,,2 ,1 ,1 ,,0 ,0 ,0 ,0 ,0 ,,0 ,,1 ,,,0 
34 ,010585,广州市海珠区南武文润学校,,,,66 ,,,3 ,3 ,16 ,,0 ,0 ,1 ,1 ,0 ,,0 ,,0 ,0 ,,0 ,,0 ,,0 ,,1 ,0 ,0 ,1 ,,0 ,,0 ,,0 ,,0 ,,0 ,,0 ,0 ,,,0 ,0 ,,1 ,,3 ,,6 ,2 ,2 ,,1 ,1 ,1 ,1 ,1 ,,1 ,,1 ,,,0 
,,,,,,,,,,,,,,,,,,,,,,,,,,,,,,,,,,,,,,,,,,,,,,,,,,,,,,,,,,,,,,,,,,,,,,,
序号,代码,初中学校,,,,名额考生,,,省市名额,,,"区属
名额",,,华附石牌,,华附知识城,省实荔湾,,省实白云,,广雅荔湾,,广雅花都,执信越秀,,执信天河,,"二
中",六中海珠,,,六中从化,六中花都,,侨中,,协和,,广附,,"铁
__
越
秀",,"铁
__
番
禺",,"铁
__
白
云",,广州外国语,清湾智谷,,清湾智慧城,,广州中学,,七十五中,,"__
__
三
中
金
融
城",,"__
__
三
中
元
岗",,,八十九中,,,天河中学,,奥林匹克,,天外珠江新城,,天外智慧城
,0106 ,天河区,,,,10774 ,,,555 ,555 ,,2673 ,,,17 ,17 ,21 ,33 ,,24 ,,33 ,,24 ,25 ,,37 ,,46 ,35 ,,,16 ,23 ,,16 ,,29 ,,37 ,,15 ,,16 ,,28 ,,33 ,19 ,,28 ,,440 ,,290 ,,215 ,215 ,250 ,,,388 ,388 ,388 ,375 ,,290 ,,138 ,,287 
1 ,010601,广州市第十八中学,,,,504 ,,,26 ,26 ,,140 ,,,1 ,1 ,1 ,1 ,,3 ,,1 ,,0 ,1 ,,0 ,,2 ,2 ,,,0 ,1 ,,1 ,,2 ,,1 ,,0 ,,1 ,,1 ,,5 ,1 ,,1 ,,16 ,,17 ,,13 ,13 ,7 ,,,17 ,17 ,17 ,21 ,,28 ,,8 ,,13 
2 ,010603,广州中学,,,,1482 ,,,76 ,76 ,,362 ,,,2 ,2 ,5 ,5 ,,1 ,,2 ,,2 ,4 ,,8 ,,9 ,8 ,,,6 ,2 ,,2 ,,1 ,,6 ,,0 ,,1 ,,2 ,,5 ,3 ,,2 ,,57 ,,45 ,,43 ,43 ,29 ,,,44 ,44 ,44 ,52 ,,45 ,,13 ,,34 
3 ,010604,广州市第七十五中学,,,,620 ,,,32 ,32 ,,152 ,,,1 ,1 ,1 ,3 ,,1 ,,1 ,,2 ,1 ,,5 ,,1 ,1 ,,,0 ,2 ,,4 ,,2 ,,1 ,,0 ,,1 ,,1 ,,2 ,0 ,,2 ,,24 ,,22 ,,8 ,8 ,14 ,,,20 ,20 ,20 ,22 ,,17 ,,7 ,,18 
4 ,010605,广州市第八十九中学,,,,571 ,,,29 ,29 ,,140 ,,,1 ,1 ,0 ,2 ,,1 ,,2 ,,1 ,2 ,,5 ,,2 ,2 ,,,1 ,0 ,,1 ,,1 ,,4 ,,0 ,,0 ,,2 ,,0 ,0 ,,2 ,,23 ,,15 ,,10 ,10 ,12 ,,,26 ,26 ,26 ,26 ,,11 ,,5 ,,12 
5 ,010606,广州市第一一三中学,,,,1057 ,,,54 ,54 ,,258 ,,,3 ,3 ,3 ,2 ,,1 ,,2 ,,5 ,0 ,,0 ,,6 ,3 ,,,2 ,1 ,,1 ,,2 ,,3 ,,2 ,,2 ,,5 ,,5 ,3 ,,3 ,,44 ,,27 ,,23 ,23 ,30 ,,,38 ,38 ,38 ,30 ,,19 ,,15 ,,32 
6 ,010607,广州市天河外国语学校,,,,208 ,,,10 ,10 ,,51 ,,,0 ,0 ,0 ,1 ,,0 ,,0 ,,0 ,1 ,,0 ,,0 ,0 ,,,0 ,0 ,,1 ,,2 ,,1 ,,1 ,,0 ,,1 ,,1 ,0 ,,1 ,,7 ,,8 ,,4 ,4 ,5 ,,,9 ,9 ,9 ,11 ,,4 ,,2 ,,1 
7 ,010608,广州奥林匹克中学,,,,655 ,,,33 ,33 ,,160 ,,,1 ,1 ,1 ,1 ,,3 ,,4 ,,0 ,3 ,,2 ,,2 ,1 ,,,2 ,1 ,,1 ,,3 ,,3 ,,1 ,,2 ,,0 ,,1 ,0 ,,1 ,,23 ,,17 ,,8 ,8 ,19 ,,,23 ,23 ,23 ,23 ,,19 ,,9 ,,19 
8 ,010609,广州市天河中学,,,,674 ,,,34 ,34 ,,165 ,,,0 ,0 ,1 ,2 ,,2 ,,4 ,,0 ,2 ,,3 ,,2 ,1 ,,,1 ,4 ,,0 ,,2 ,,1 ,,0 ,,0 ,,4 ,,2 ,1 ,,2 ,,27 ,,16 ,,17 ,17 ,14 ,,,29 ,29 ,29 ,23 ,,14 ,,7 ,,18 
9 ,01061 1,广州市天荣中学,,,,266 ,,,13 ,13 ,,65 ,,,1 ,1 ,0 ,2 ,,1 ,,0 ,,0 ,0 ,,2 ,,0 ,0 ,,,0 ,0 ,,0 ,,1 ,,1 ,,2 ,,1 ,,1 ,,0 ,0 ,,1 ,,13 ,,4 ,,4 ,4 ,9 ,,,3 ,3 ,3 ,13 ,,7 ,,3 ,,9 
10 ,010613,广州市长兴中学,,,,301 ,,,15 ,15 ,,84 ,,,0 ,0 ,0 ,0 ,,2 ,,1 ,,2 ,0 ,,0 ,,1 ,1 ,,,0 ,1 ,,0 ,,1 ,,1 ,,2 ,,0 ,,1 ,,1 ,0 ,,1 ,,19 ,,6 ,,7 ,7 ,8 ,,,9 ,9 ,9 ,13 ,,8 ,,4 ,,10 
11 ,010615,广州市骏景中学,,,,235 ,,,12 ,12 ,,57 ,,,0 ,0 ,1 ,1 ,,0 ,,1 ,,0 ,1 ,,0 ,,2 ,0 ,,,0 ,0 ,,1 ,,1 ,,1 ,,0 ,,1 ,,1 ,,0 ,0 ,,1 ,,13 ,,4 ,,3 ,3 ,4 ,,,7 ,7 ,7 ,6 ,,3 ,,5 ,,12 
12 ,010616,广州市泰安中学,,,,399 ,,,20 ,20 ,,111 ,,,0 ,0 ,2 ,1 ,,2 ,,0 ,,0 ,0 ,,1 ,,4 ,1 ,,,0 ,0 ,,0 ,,0 ,,2 ,,2 ,,0 ,,1 ,,2 ,1 ,,1 ,,19 ,,12 ,,7 ,7 ,9 ,,,20 ,20 ,20 ,8 ,,22 ,,6 ,,8 
13 ,010617,广州市天河区汇景实验学校,,,,671 ,,,34 ,34 ,,164 ,,,1 ,1 ,0 ,1 ,,1 ,,2 ,,2 ,2 ,,2 ,,2 ,2 ,,,0 ,2 ,,0 ,,3 ,,2 ,,1 ,,2 ,,1 ,,2 ,5 ,,1 ,,23 ,,16 ,,10 ,10 ,22 ,,,28 ,28 ,28 ,19 ,,16 ,,8 ,,22 
14 ,010618,广州市华颖外国语学校,,,,141 ,,,7 ,7 ,,35 ,,,0 ,0 ,0 ,0 ,,0 ,,1 ,,0 ,0 ,,0 ,,1 ,1 ,,,0 ,1 ,,1 ,,0 ,,0 ,,0 ,,0 ,,0 ,,2 ,0 ,,0 ,,8 ,,4 ,,5 ,5 ,0 ,,,6 ,6 ,6 ,3 ,,3 ,,2 ,,4 
15 ,010619,广州市天河中学猎德实验学校,,,,116 ,,,6 ,6 ,,28 ,,,0 ,0 ,1 ,0 ,,0 ,,0 ,,1 ,2 ,,0 ,,0 ,0 ,,,0 ,0 ,,0 ,,0 ,,1 ,,0 ,,0 ,,0 ,,0 ,0 ,,1 ,,5 ,,2 ,,4 ,4 ,1 ,,,5 ,5 ,5 ,4 ,,2 ,,0 ,,5 
16 ,010620,广州市第一一三中学陶育实验学校,,,,105 ,,,5 ,5 ,,26 ,,,2 ,2 ,0 ,0 ,,0 ,,0 ,,0 ,0 ,,0 ,,1 ,0 ,,,0 ,0 ,,0 ,,1 ,,0 ,,1 ,,0 ,,0 ,,0 ,0 ,,0 ,,5 ,,4 ,,0 ,0 ,0 ,,,2 ,2 ,2 ,7 ,,2 ,,1 ,,5 
17 ,010621,广州市执信中学(天河校区),,,,484 ,,,25 ,25 ,,118 ,,,0 ,0 ,2 ,2 ,,1 ,,0 ,,1 ,1 ,,1 ,,3 ,2 ,,,1 ,3 ,,0 ,,0 ,,2 ,,1 ,,1 ,,2 ,,1 ,1 ,,0 ,,19 ,,15 ,,4 ,4 ,10 ,,,17 ,17 ,17 ,15 ,,15 ,,10 ,,13 
18 ,010622,清华附中湾区学校,,,,372 ,,,19 ,19 ,,91 ,,,0 ,0 ,1 ,2 ,,0 ,,5 ,,0 ,0 ,,1 ,,1 ,2 ,,,1 ,0 ,,0 ,,0 ,,1 ,,0 ,,1 ,,1 ,,0 ,1 ,,2 ,,18 ,,7 ,,7 ,7 ,10 ,,,14 ,14 ,14 ,13 ,,12 ,,6 ,,4 
19 ,010623,广州市天河区智谷第一实验学校,,,,115 ,,,5 ,5 ,,28 ,,,0 ,0 ,0 ,0 ,,1 ,,0 ,,0 ,0 ,,0 ,,2 ,0 ,,,0 ,0 ,,0 ,,0 ,,0 ,,1 ,,0 ,,0 ,,1 ,0 ,,0 ,,8 ,,5 ,,2 ,2 ,3 ,,,5 ,5 ,5 ,1 ,,1 ,,2 ,,1 
注:各初中学校分得的名额分配计划已包含面向集团直接分配的名额.                                                                                                                                                      2026_05_12 15:21,,,,,,,,,,,,,,,,,,,,,,,,,,,,,,,,,,,,,,,,,,,,,,,,,,,,,,,,,,,,,,,,,,,,,,,
序号,代码,初中学校,,,,名额考生,,,省市名额,,区属名额,,华附石牌,,华附知识城,,省实荔湾,,省实白云,,广雅荔湾,,广雅花都,,执信越秀,执信天河,,"二
中",,六中海珠,,,六中从化,六中花都,,侨中,,协和,广附,,"铁
__
越
秀",,"铁
__
番
禺",,"铁
__
白
云",,广州外国语,,清湾智谷,,清湾智慧城,,广州中学,,七十五中,,"三中
金融
城",,"__
__
三
中
元
岗",,,,八十九中,,天河中学,,奥林匹克,,天外珠江新城,,天外智慧城
20 ,010630,华南理工大学附属实验学校,,,,123 ,,,6 ,6 ,30 ,,0 ,0 ,0 ,0 ,1 ,,1 ,,0 ,,1 ,,0 ,0 ,,0 ,,0 ,,,0 ,0 ,,0 ,,1 ,0 ,,1 ,,0 ,,1 ,,0 ,,0 ,,0 ,,3 ,,1 ,,2 ,2 ,1 ,,,,4 ,4 ,10 ,,1 ,,2 ,,6 
21 ,010631,暨南大学附属实验学校,,,,155 ,,,8 ,8 ,38 ,,1 ,1 ,1 ,1 ,1 ,,0 ,,1 ,,0 ,,0 ,1 ,,1 ,,0 ,,,0 ,0 ,,0 ,,1 ,1 ,,0 ,,0 ,,0 ,,0 ,,0 ,,0 ,,4 ,,4 ,,2 ,2 ,6 ,,,,7 ,7 ,6 ,,1 ,,3 ,,5 
22 ,010632,华南师范大学附属中学(五山校区),,,,443 ,,,22 ,22 ,108 ,,0 ,0 ,0 ,0 ,3 ,,0 ,,0 ,,1 ,,2 ,1 ,,1 ,,3 ,,,1 ,2 ,,0 ,,2 ,0 ,,0 ,,1 ,,1 ,,1 ,,0 ,,3 ,,20 ,,12 ,,6 ,6 ,12 ,,,,16 ,16 ,13 ,,11 ,,11 ,,7 
23 ,010662,广州天省实验学校,,,,582 ,,,30 ,30 ,142 ,,1 ,1 ,0 ,0 ,1 ,,0 ,,2 ,,4 ,,2 ,3 ,,2 ,,5 ,,,1 ,2 ,,1 ,,2 ,1 ,,0 ,,1 ,,1 ,,1 ,,0 ,,0 ,,18 ,,12 ,,14 ,14 ,13 ,,,,24 ,24 ,21 ,,18 ,,4 ,,18 
24 ,010663,广州市天河区黄村中英文学校,,,,19 ,,,1 ,1 ,5 ,,0 ,0 ,0 ,0 ,0 ,,0 ,,0 ,,0 ,,0 ,0 ,,0 ,,0 ,,,0 ,0 ,,0 ,,0 ,0 ,,0 ,,0 ,,1 ,,0 ,,0 ,,0 ,,2 ,,0 ,,0 ,0 ,0 ,,,,1 ,1 ,0 ,,0 ,,0 ,,2 
25 ,010664,广州市天河区兴华培智学校,,,,2 ,,,1 ,1 ,0 ,,0 ,0 ,0 ,0 ,0 ,,1 ,,0 ,,0 ,,0 ,0 ,,0 ,,0 ,,,0 ,0 ,,0 ,,0 ,0 ,,0 ,,0 ,,0 ,,0 ,,0 ,,0 ,,0 ,,0 ,,0 ,0 ,0 ,,,,0 ,0 ,0 ,,0 ,,0 ,,0 
26 ,010668,广州市天河区培艺学校,,,,3 ,,,1 ,1 ,0 ,,0 ,0 ,0 ,0 ,1 ,,0 ,,0 ,,0 ,,0 ,0 ,,0 ,,0 ,,,0 ,0 ,,0 ,,0 ,0 ,,0 ,,0 ,,0 ,,0 ,,0 ,,0 ,,0 ,,0 ,,0 ,0 ,0 ,,,,0 ,0 ,0 ,,0 ,,0 ,,0 
27 ,010669,广州市天河区华实学校,,,,156 ,,,8 ,8 ,38 ,,0 ,0 ,0 ,0 ,0 ,,1 ,,0 ,,0 ,,1 ,0 ,,1 ,,0 ,,,0 ,1 ,,1 ,,0 ,1 ,,0 ,,1 ,,0 ,,0 ,,1 ,,0 ,,10 ,,5 ,,2 ,2 ,3 ,,,,5 ,5 ,2 ,,5 ,,2 ,,4 
28 ,010671,广州市华美英语实验学校,,,,100 ,,,5 ,5 ,24 ,,0 ,0 ,1 ,1 ,0 ,,0 ,,1 ,,0 ,,0 ,0 ,,0 ,,0 ,,,0 ,0 ,,0 ,,1 ,1 ,,0 ,,0 ,,0 ,,1 ,,0 ,,0 ,,5 ,,3 ,,1 ,1 ,3 ,,,,2 ,2 ,6 ,,1 ,,1 ,,2 
29 ,010672,广州市南国学校,,,,78 ,,,4 ,4 ,19 ,,0 ,0 ,0 ,0 ,0 ,,0 ,,1 ,,0 ,,0 ,1 ,,0 ,,0 ,,,0 ,0 ,,0 ,,0 ,1 ,,0 ,,0 ,,0 ,,0 ,,0 ,,1 ,,2 ,,4 ,,4 ,4 ,3 ,,,,2 ,2 ,2 ,,1 ,,0 ,,1 
30 ,010673,广州市天河区明珠中英文学校,,,,52 ,,,2 ,2 ,13 ,,1 ,1 ,0 ,0 ,0 ,,0 ,,0 ,,0 ,,0 ,0 ,,0 ,,0 ,,,0 ,0 ,,0 ,,0 ,1 ,,0 ,,0 ,,0 ,,0 ,,0 ,,0 ,,3 ,,0 ,,2 ,2 ,1 ,,,,4 ,4 ,1 ,,2 ,,0 ,,0 
31 ,010676,广州市天河区新蕾五星学校,,,,8 ,,,1 ,1 ,2 ,,1 ,1 ,0 ,0 ,0 ,,0 ,,0 ,,0 ,,0 ,0 ,,0 ,,0 ,,,0 ,0 ,,0 ,,0 ,0 ,,0 ,,0 ,,0 ,,0 ,,0 ,,0 ,,0 ,,0 ,,0 ,0 ,1 ,,,,0 ,0 ,1 ,,0 ,,0 ,,0 
32 ,010677,广州市天河区同仁学校,,,,3 ,,,0 ,0 ,1 ,,0 ,0 ,0 ,0 ,0 ,,0 ,,0 ,,0 ,,0 ,0 ,,0 ,,0 ,,,0 ,0 ,,0 ,,0 ,0 ,,0 ,,0 ,,0 ,,0 ,,0 ,,0 ,,0 ,,0 ,,0 ,0 ,0 ,,,,0 ,0 ,0 ,,0 ,,0 ,,1 
33 ,010678,广州市天河区天泽中学,,,,8 ,,,1 ,1 ,2 ,,0 ,0 ,0 ,0 ,0 ,,1 ,,0 ,,0 ,,0 ,0 ,,0 ,,0 ,,,0 ,0 ,,0 ,,0 ,0 ,,0 ,,0 ,,0 ,,0 ,,0 ,,0 ,,0 ,,0 ,,0 ,0 ,0 ,,,,0 ,0 ,2 ,,0 ,,0 ,,0 
34 ,010680,广州市天河区培智学校,,,,4 ,,,0 ,0 ,1 ,,0 ,0 ,0 ,0 ,0 ,,0 ,,0 ,,0 ,,0 ,0 ,,0 ,,0 ,,,0 ,0 ,,0 ,,0 ,0 ,,0 ,,0 ,,0 ,,0 ,,0 ,,0 ,,0 ,,0 ,,1 ,1 ,0 ,,,,0 ,0 ,0 ,,0 ,,0 ,,0 
35 ,010681,广州市天河区同仁实验学校,,,,7 ,,,1 ,1 ,2 ,,0 ,0 ,0 ,0 ,0 ,,0 ,,1 ,,0 ,,0 ,0 ,,0 ,,0 ,,,0 ,0 ,,0 ,,0 ,0 ,,0 ,,0 ,,0 ,,0 ,,0 ,,0 ,,0 ,,1 ,,0 ,0 ,0 ,,,,0 ,0 ,0 ,,1 ,,0 ,,0 
36 ,010683,广州市天河区天骄中英文学校,,,,1 ,,,0 ,0 ,1 ,,0 ,0 ,0 ,0 ,0 ,,0 ,,0 ,,0 ,,0 ,0 ,,0 ,,0 ,,,0 ,0 ,,0 ,,0 ,0 ,,0 ,,0 ,,0 ,,0 ,,0 ,,0 ,,0 ,,0 ,,0 ,0 ,0 ,,,,0 ,0 ,0 ,,0 ,,1 ,,0 
37 ,010686,广州市天河区龙圣学校,,,,2 ,,,1 ,1 ,0 ,,0 ,0 ,0 ,0 ,0 ,,0 ,,0 ,,1 ,,0 ,0 ,,0 ,,0 ,,,0 ,0 ,,0 ,,0 ,0 ,,0 ,,0 ,,0 ,,0 ,,0 ,,0 ,,0 ,,0 ,,0 ,0 ,0 ,,,,0 ,0 ,0 ,,0 ,,0 ,,0 
38 ,010687,广州市天河区棠福学校,,,,10 ,,,1 ,1 ,3 ,,0 ,0 ,0 ,0 ,0 ,,0 ,,0 ,,0 ,,0 ,0 ,,0 ,,0 ,,,0 ,0 ,,0 ,,0 ,0 ,,0 ,,0 ,,0 ,,0 ,,1 ,,0 ,,1 ,,0 ,,0 ,0 ,0 ,,,,0 ,0 ,1 ,,0 ,,1 ,,0 
39 ,010688,广州市天河区大华学校,,,,0 ,,,0 ,0 ,0 ,,0 ,0 ,0 ,0 ,0 ,,0 ,,0 ,,0 ,,0 ,0 ,,0 ,,0 ,,,0 ,0 ,,0 ,,0 ,0 ,,0 ,,0 ,,0 ,,0 ,,0 ,,0 ,,0 ,,0 ,,0 ,0 ,0 ,,,,0 ,0 ,0 ,,0 ,,0 ,,0 
注:各初中学校分得的名额分配计划已包含面向集团直接分配的名额.                                                                                                                                                      2026_05_12 15:21,,,,,,,,,,,,,,,,,,,,,,,,,,,,,,,,,,,,,,,,,,,,,,,,,,,,,,,,,,,,,,,,,,,,,,,
序号,代码,初中学校,,,,名额考生,,省市名额,,区属名额,,华附石牌,,华附知识城,,省实荔湾,,省实白云,,广雅荔湾,广雅花都,,执信越秀,,执信天河,,"二
中",,六中海珠,,六中从化,,六中花都,,侨中,,协和,,广附,"铁
__
越
秀",,"铁
__
番
禺",,"铁
__
白
云",,广州外国语,,,清湾智谷,清湾智慧城,,,广州中学,七十五中,,"三中
金融
城",,,"__
__
三
中
元
岗",,,八十九中,,,天河中学,奥林匹克,,天外珠江新城,,,天外智慧城
40 ,010689,广州市天河区成龙中学,,,,2 ,,1 ,,0 ,,0 ,,0 ,,0 ,,0 ,,0 ,0 ,,0 ,,0 ,,0 ,,0 ,,0 ,0 ,0 ,,0 ,,0 ,,0 ,0 ,,0 ,,0 ,,0 ,,,0 ,1 ,,,0 ,0 ,,0 ,,,0 ,,,0 ,,,0 ,0 ,,0 ,,,0 
41 ,010690,广州市天河区东风学校,,,,5 ,,1 ,,1 ,,0 ,,0 ,,0 ,,0 ,,0 ,0 ,,0 ,,0 ,,0 ,,0 ,,0 ,0 ,0 ,,0 ,,0 ,,0 ,0 ,,0 ,,0 ,,0 ,,,1 ,0 ,,,0 ,0 ,,0 ,,,1 ,,,0 ,,,0 ,0 ,,0 ,,,0 
42 ,010691,广州市天河区东泰学校,,,,1 ,,1 ,,0 ,,0 ,,0 ,,0 ,,0 ,,0 ,1 ,,0 ,,0 ,,0 ,,0 ,,0 ,0 ,0 ,,0 ,,0 ,,0 ,0 ,,0 ,,0 ,,0 ,,,0 ,0 ,,,0 ,0 ,,0 ,,,0 ,,,0 ,,,0 ,0 ,,0 ,,,0 
43 ,010692,广州市天河区同仁艺体实验中学,,,,19 ,,1 ,,5 ,,0 ,,0 ,,0 ,,0 ,,0 ,0 ,,0 ,,0 ,,0 ,,0 ,,0 ,0 ,0 ,,1 ,,0 ,,0 ,0 ,,0 ,,0 ,,0 ,,,0 ,0 ,,,0 ,1 ,,2 ,,,0 ,,,0 ,,,0 ,1 ,,0 ,,,1 
44 ,010693,广州市天河区凤凰中学,,,,3 ,,1 ,,0 ,,0 ,,0 ,,0 ,,0 ,,0 ,0 ,,0 ,,1 ,,0 ,,0 ,,0 ,0 ,0 ,,0 ,,0 ,,0 ,0 ,,0 ,,0 ,,0 ,,,0 ,0 ,,,0 ,0 ,,0 ,,,0 ,,,0 ,,,0 ,0 ,,0 ,,,0 
45 ,010694,广州市天河区同仁天兴学校,,,,5 ,,1 ,,1 ,,0 ,,0 ,,0 ,,0 ,,1 ,0 ,,0 ,,0 ,,0 ,,0 ,,0 ,0 ,0 ,,0 ,,0 ,,0 ,0 ,,0 ,,0 ,,0 ,,,0 ,0 ,,,0 ,0 ,,0 ,,,0 ,,,1 ,,,0 ,0 ,,0 ,,,0 
46 ,010695,广州市天河区新昌学校,,,,2 ,,0 ,,1 ,,0 ,,0 ,,0 ,,0 ,,0 ,0 ,,0 ,,0 ,,0 ,,0 ,,0 ,0 ,0 ,,0 ,,0 ,,0 ,0 ,,0 ,,0 ,,0 ,,,0 ,0 ,,,1 ,0 ,,0 ,,,0 ,,,0 ,,,0 ,0 ,,0 ,,,0 
47 ,010696,广州市天河区科韵路学校,,,,5 ,,1 ,,1 ,,0 ,,0 ,,0 ,,0 ,,0 ,0 ,,0 ,,0 ,,0 ,,0 ,,0 ,0 ,0 ,,0 ,,0 ,,0 ,0 ,,0 ,,0 ,,0 ,,,0 ,1 ,,,0 ,1 ,,0 ,,,0 ,,,0 ,,,0 ,0 ,,0 ,,,0 
"注:各初中学校分得的名额分配计划已包含面向集团直接分配的名额                                                                                                                                                        2026_05_12 15:21
第3页 共3页",,,,,,,,,,,,,,,,,,,,,,,,,,,,,,,,,,,,,,,,,,,,,,,,,,,,,,,,,,,,,,,,,,,,,,,
序号,代码,初中学校,,名额考生,,,省市名额,,"区属
名额",,,,华附石牌,,华附知识城,省实荔湾,,省实白云,,广雅荔湾,广雅花都,,执信越秀,,执信天河,,"二
中",,六中海珠,六中从化,,,六中花都,侨中,,协和,,广附,"铁
__
越
秀",,"铁
__
番
禺",,"   铁
   _
   白
   云",,广州外国语,,清湾智谷,,清湾智慧城,,培英云城,,培英鹤洞,,六十五中江高,,六十五中同德,,六十五中江府,,,大同,,,白云中学,,彭加木,,广外实验,,空港实验
,0111 ,白云区,,13441 ,13441 ,,696 ,,2272 ,,,,22 ,,26 ,42 ,,31 ,,41 ,30 ,,31 ,,46 ,,57 ,,44 ,20 ,,,28 ,22 ,,36 ,,47 ,19 ,,20 ,,    35 ,,41 ,,23 ,,35 ,,200 ,,175 ,,200 ,,150 ,150 ,108 ,,,300 ,,,288 ,,220 ,,325 ,,306 
1 ,011101 ,广东实验中学(白云校区),,400 ,400 ,,21 ,,65 ,,,,1 ,,0 ,0 ,,0 ,,1 ,2 ,,1 ,,2 ,,3 ,,4 ,0 ,,,0 ,0 ,,1 ,,0 ,1 ,,1 ,,   1 ,,1 ,,0 ,,2 ,,5 ,,5 ,,3 ,,4 ,4 ,2 ,,,10 ,,,9 ,,6 ,,9 ,,12 
2 ,011102 ,广州市白云区同和中学,,458 ,458 ,,24 ,,74 ,,,,2 ,,1 ,3 ,,1 ,,0 ,2 ,,0 ,,2 ,,0 ,,3 ,1 ,,,1 ,0 ,,0 ,,0 ,3 ,,1 ,,   1 ,,2 ,,1 ,,0 ,,1 ,,3 ,,5 ,,6 ,6 ,5 ,,,17 ,,,13 ,,5 ,,13 ,,6 
3 ,011103 ,广州市广园中学,,225 ,225 ,,12 ,,36 ,,,,1 ,,1 ,3 ,,0 ,,1 ,0 ,,0 ,,0 ,,2 ,,0 ,1 ,,,0 ,0 ,,2 ,,0 ,0 ,,1 ,,   0 ,,0 ,,0 ,,0 ,,3 ,,3 ,,1 ,,5 ,5 ,1 ,,,4 ,,,6 ,,4 ,,1 ,,8 
4 ,011104 ,广州市白云区六中实验中学(福和校区),,202 ,202 ,,10 ,,33 ,,,,1 ,,0 ,0 ,,0 ,,0 ,1 ,,2 ,,0 ,,0 ,,0 ,0 ,,,0 ,0 ,,0 ,,2 ,1 ,,0 ,,   3 ,,0 ,,0 ,,0 ,,3 ,,4 ,,1 ,,1 ,1 ,1 ,,,5 ,,,4 ,,4 ,,4 ,,6 
5 ,011105 ,广州市培英中学(鹤洞校区),,284 ,284 ,,15 ,,46 ,,,,1 ,,3 ,0 ,,0 ,,0 ,0 ,,0 ,,1 ,,1 ,,2 ,0 ,,,0 ,0 ,,0 ,,1 ,1 ,,1 ,,   1 ,,1 ,,2 ,,0 ,,4 ,,3 ,,2 ,,4 ,4 ,2 ,,,2 ,,,7 ,,3 ,,9 ,,10 
6 ,011106 ,广州市白云区广东第二师范学院实验中学,,240 ,240 ,,12 ,,39 ,,,,0 ,,0 ,1 ,,1 ,,1 ,0 ,,0 ,,0 ,,0 ,,2 ,0 ,,,0 ,0 ,,1 ,,2 ,0 ,,1 ,,   1 ,,1 ,,0 ,,1 ,,5 ,,3 ,,3 ,,4 ,4 ,4 ,,,5 ,,,2 ,,1 ,,6 ,,6 
7 ,011107 ,广州市白云区龙岗学校,,68 ,68 ,,3 ,,13 ,,,,0 ,,0 ,0 ,,0 ,,0 ,1 ,,0 ,,0 ,,1 ,,0 ,0 ,,,0 ,0 ,,0 ,,0 ,0 ,,0 ,,   0 ,,0 ,,0 ,,1 ,,0 ,,0 ,,0 ,,0 ,0 ,1 ,,,7 ,,,1 ,,1 ,,2 ,,1 
8 ,011108 ,广州市白云区新和学校,,64 ,64 ,,3 ,,12 ,,,,0 ,,0 ,0 ,,0 ,,0 ,0 ,,0 ,,0 ,,1 ,,0 ,0 ,,,0 ,0 ,,1 ,,0 ,0 ,,0 ,,   0 ,,1 ,,0 ,,0 ,,0 ,,0 ,,0 ,,1 ,1 ,1 ,,,4 ,,,1 ,,2 ,,1 ,,2 
9 ,01 1 1 10,广州市白云区竹料第一中学,,209 ,209 ,,11 ,,41 ,,,,0 ,,0 ,0 ,,1 ,,1 ,0 ,,0 ,,2 ,,0 ,,1 ,0 ,,,0 ,1 ,,1 ,,2 ,0 ,,0 ,,   0 ,,0 ,,1 ,,1 ,,4 ,,4 ,,3 ,,1 ,1 ,1 ,,,8 ,,,4 ,,4 ,,5 ,,7 
10 ,01 1 1 12,广州市白云区竹料第三中学,,100 ,100 ,,5 ,,19 ,,,,0 ,,1 ,1 ,,0 ,,0 ,1 ,,0 ,,0 ,,1 ,,0 ,0 ,,,0 ,0 ,,0 ,,0 ,1 ,,0 ,,   0 ,,0 ,,0 ,,0 ,,1 ,,0 ,,0 ,,2 ,2 ,3 ,,,5 ,,,4 ,,0 ,,3 ,,1 
11 ,01 1 1 13,广州大同中学,,303 ,303 ,,16 ,,59 ,,,,0 ,,0 ,0 ,,1 ,,3 ,0 ,,1 ,,1 ,,2 ,,2 ,0 ,,,0 ,0 ,,2 ,,1 ,1 ,,0 ,,   0 ,,1 ,,0 ,,1 ,,3 ,,2 ,,5 ,,3 ,3 ,3 ,,,18 ,,,6 ,,7 ,,4 ,,8 
12 ,01 1 1 14,广州市白云区太和中学,,153 ,153 ,,8 ,,30 ,,,,2 ,,0 ,0 ,,1 ,,0 ,0 ,,0 ,,2 ,,0 ,,1 ,1 ,,,0 ,0 ,,0 ,,0 ,0 ,,0 ,,   0 ,,0 ,,1 ,,0 ,,2 ,,1 ,,3 ,,1 ,1 ,1 ,,,4 ,,,4 ,,3 ,,9 ,,2 
13 ,01 1 1 15,广州市第一一五中学,,259 ,259 ,,13 ,,51 ,,,,1 ,,1 ,0 ,,0 ,,0 ,1 ,,2 ,,2 ,,1 ,,1 ,0 ,,,1 ,0 ,,0 ,,1 ,0 ,,0 ,,   1 ,,1 ,,0 ,,0 ,,2 ,,2 ,,6 ,,3 ,3 ,4 ,,,2 ,,,9 ,,5 ,,14 ,,4 
14 ,01 1 1 17,广州市第七十中学,,108 ,108 ,,6 ,,21 ,,,,0 ,,0 ,1 ,,0 ,,2 ,0 ,,0 ,,0 ,,0 ,,0 ,1 ,,,0 ,0 ,,0 ,,1 ,0 ,,0 ,,   1 ,,0 ,,0 ,,0 ,,0 ,,2 ,,1 ,,0 ,0 ,0 ,,,2 ,,,2 ,,2 ,,10 ,,2 
15 ,01 1 1 18,广州市白云区龙归学校,,193 ,193 ,,10 ,,37 ,,,,0 ,,0 ,1 ,,1 ,,1 ,0 ,,0 ,,1 ,,0 ,,2 ,0 ,,,1 ,0 ,,0 ,,1 ,1 ,,0 ,,   0 ,,1 ,,0 ,,0 ,,2 ,,0 ,,4 ,,2 ,2 ,2 ,,,5 ,,,3 ,,3 ,,11 ,,5 
16 ,01 1 1 19,广州市白云区神山中学,,127 ,127 ,,6 ,,24 ,,,,0 ,,1 ,0 ,,0 ,,3 ,0 ,,0 ,,0 ,,0 ,,0 ,0 ,,,0 ,0 ,,0 ,,1 ,0 ,,0 ,,   1 ,,0 ,,0 ,,0 ,,1 ,,1 ,,9 ,,1 ,1 ,0 ,,,2 ,,,2 ,,3 ,,4 ,,1 
17 ,011120 ,广州市白云区石龙中学,,69 ,69 ,,3 ,,13 ,,,,0 ,,0 ,1 ,,0 ,,0 ,0 ,,0 ,,0 ,,0 ,,0 ,0 ,,,0 ,0 ,,0 ,,1 ,0 ,,1 ,,   0 ,,0 ,,0 ,,0 ,,0 ,,1 ,,3 ,,2 ,2 ,1 ,,,2 ,,,2 ,,0 ,,2 ,,0 
18 ,011122 ,广州市白云区江高镇第二初级中学,,182 ,182 ,,9 ,,29 ,,,,0 ,,0 ,1 ,,2 ,,0 ,0 ,,1 ,,1 ,,2 ,,1 ,0 ,,,0 ,0 ,,1 ,,0 ,0 ,,0 ,,   0 ,,0 ,,0 ,,0 ,,3 ,,4 ,,1 ,,2 ,2 ,1 ,,,4 ,,,5 ,,3 ,,4 ,,2 
19 ,011123 ,广州市白云区江高镇第三初级中学,,103 ,103 ,,5 ,,20 ,,,,0 ,,0 ,0 ,,0 ,,0 ,0 ,,0 ,,0 ,,2 ,,0 ,0 ,,,0 ,0 ,,1 ,,0 ,0 ,,0 ,,   0 ,,1 ,,0 ,,1 ,,2 ,,0 ,,5 ,,2 ,2 ,1 ,,,1 ,,,3 ,,0 ,,3 ,,3 
注:各初中学校分得的名额分配计划已包含面向集团直接分配的名额.                                                                                                                                                      2026_05_12 15:21,,,,,,,,,,,,,,,,,,,,,,,,,,,,,,,,,,,,,,,,,,,,,,,,,,,,,,,,,,,,,,,,,,,,,,,
序号,代码,初中学校,,,,名额考生,,省市名额,,,区属名额,,华附石牌,,华附知识城,省实荔湾,,省实白云,,广雅荔湾,,广雅花都,,执信越秀,,执信天河,,"二
中",六中海珠,,六中从化,,六中花都,,侨中,,协和,,广附,,"铁
__
越
秀",,"铁
__
番
禺",,"铁
__
白
云",广州外国语,,,清湾智谷,清湾智慧城,,培英云城,,培英鹤洞,,六十五中江高,,六十五中同德,,,六十五中江府,,,,大同,白云中学,,彭加木,,广外实验,空港实验
20 ,011124 ,广州彭加木纪念中学,,,,115 ,,6 ,,,19 ,,0 ,,0 ,0 ,,0 ,,0 ,,0 ,,0 ,,0 ,,0 ,1 ,,0 ,0 ,2 ,,0 ,,0 ,,0 ,,0 ,,0 ,,1 ,2 ,,,0 ,0 ,,3 ,,1 ,,1 ,,2 ,,,1 ,,,,0 ,5 ,,2 ,,2 ,2 
21 ,011125 ,广州市第一一四中学,,,,68 ,,3 ,,,11 ,,0 ,,0 ,0 ,,0 ,,0 ,,0 ,,0 ,,0 ,,0 ,0 ,,1 ,1 ,0 ,,0 ,,1 ,,0 ,,0 ,,0 ,,0 ,0 ,,,0 ,1 ,,2 ,,1 ,,0 ,,0 ,,,1 ,,,,2 ,4 ,,0 ,,1 ,0 
22 ,011126 ,广州市白云区大朗中学,,,,79 ,,4 ,,,13 ,,0 ,,0 ,0 ,,1 ,,0 ,,0 ,,0 ,,1 ,,0 ,0 ,,0 ,0 ,0 ,,0 ,,0 ,,0 ,,0 ,,0 ,,0 ,1 ,,,1 ,0 ,,0 ,,1 ,,1 ,,0 ,,,1 ,,,,1 ,2 ,,3 ,,2 ,2 
23 ,011128 ,广州市白云区嘉禾中学,,,,216 ,,11 ,,,42 ,,1 ,,0 ,0 ,,0 ,,0 ,,1 ,,0 ,,2 ,,2 ,1 ,,0 ,0 ,1 ,,0 ,,0 ,,0 ,,0 ,,0 ,,1 ,1 ,,,0 ,1 ,,4 ,,10 ,,2 ,,6 ,,,0 ,,,,5 ,5 ,,3 ,,4 ,3 
24 ,011129 ,广州市白云区新市中学,,,,133 ,,7 ,,,25 ,,0 ,,0 ,0 ,,0 ,,0 ,,0 ,,2 ,,0 ,,0 ,0 ,,0 ,0 ,1 ,,1 ,,1 ,,0 ,,0 ,,1 ,,1 ,0 ,,,0 ,0 ,,1 ,,1 ,,1 ,,2 ,,,0 ,,,,3 ,4 ,,4 ,,2 ,7 
25 ,011130 ,广州市白云区三元里中学,,,,80 ,,4 ,,,16 ,,0 ,,0 ,0 ,,0 ,,1 ,,1 ,,0 ,,0 ,,1 ,0 ,,0 ,0 ,1 ,,0 ,,0 ,,0 ,,0 ,,0 ,,0 ,0 ,,,0 ,0 ,,1 ,,3 ,,1 ,,1 ,,,0 ,,,,1 ,3 ,,1 ,,0 ,5 
26 ,011131 ,广州市第七十三中学,,,,79 ,,4 ,,,16 ,,0 ,,0 ,1 ,,0 ,,0 ,,0 ,,0 ,,1 ,,1 ,0 ,,1 ,1 ,0 ,,0 ,,0 ,,0 ,,0 ,,0 ,,0 ,0 ,,,0 ,0 ,,0 ,,0 ,,2 ,,1 ,,,0 ,,,,1 ,4 ,,0 ,,3 ,5 
27 ,011134 ,广州市白云区六中实验中学(空港校区),,,,216 ,,11 ,,,35 ,,0 ,,1 ,0 ,,1 ,,0 ,,1 ,,1 ,,0 ,,1 ,0 ,,1 ,1 ,0 ,,0 ,,1 ,,1 ,,0 ,,0 ,,0 ,1 ,,,1 ,1 ,,4 ,,1 ,,4 ,,0 ,,,1 ,,,,6 ,5 ,,5 ,,4 ,5 
28 ,011136 ,广州市白云区江村中学,,,,77 ,,4 ,,,15 ,,0 ,,0 ,0 ,,0 ,,0 ,,1 ,,0 ,,0 ,,1 ,0 ,,0 ,0 ,0 ,,0 ,,0 ,,1 ,,0 ,,0 ,,0 ,0 ,,,1 ,0 ,,1 ,,2 ,,5 ,,1 ,,,0 ,,,,2 ,3 ,,1 ,,0 ,0 
29 ,011138 ,广东外语外贸大学实验中学,,,,359 ,,18 ,,,58 ,,0 ,,1 ,2 ,,0 ,,2 ,,0 ,,2 ,,1 ,,1 ,3 ,,0 ,0 ,0 ,,0 ,,1 ,,2 ,,0 ,,2 ,,0 ,1 ,,,0 ,0 ,,6 ,,4 ,,6 ,,2 ,,,2 ,,,,10 ,7 ,,4 ,,6 ,11 
30 ,011139 ,广州市培英中学(岭南校区),,,,180 ,,9 ,,,29 ,,0 ,,0 ,0 ,,0 ,,1 ,,0 ,,0 ,,1 ,,1 ,0 ,,1 ,1 ,0 ,,0 ,,0 ,,2 ,,0 ,,1 ,,1 ,0 ,,,0 ,1 ,,3 ,,3 ,,1 ,,0 ,,,3 ,,,,5 ,1 ,,3 ,,6 ,4 
31 ,011140 ,广州市白云区东平学校,,,,55 ,,3 ,,,9 ,,0 ,,0 ,0 ,,2 ,,0 ,,0 ,,0 ,,0 ,,0 ,1 ,,0 ,0 ,0 ,,0 ,,0 ,,0 ,,0 ,,0 ,,0 ,0 ,,,0 ,0 ,,2 ,,1 ,,0 ,,0 ,,,1 ,,,,1 ,1 ,,0 ,,3 ,0 
32 ,011144 ,广州市第六十五中学(明德校区),,,,225 ,,12 ,,,36 ,,1 ,,1 ,0 ,,0 ,,1 ,,1 ,,0 ,,1 ,,1 ,1 ,,1 ,1 ,0 ,,1 ,,2 ,,0 ,,0 ,,0 ,,0 ,0 ,,,0 ,1 ,,4 ,,4 ,,3 ,,1 ,,,2 ,,,,4 ,5 ,,4 ,,4 ,5 
33 ,011145 ,广州市白云区黄石学校,,,,160 ,,8 ,,,31 ,,1 ,,0 ,0 ,,0 ,,1 ,,0 ,,0 ,,0 ,,1 ,0 ,,0 ,0 ,0 ,,0 ,,1 ,,2 ,,0 ,,0 ,,0 ,0 ,,,0 ,2 ,,3 ,,5 ,,2 ,,1 ,,,2 ,,,,6 ,2 ,,1 ,,5 ,4 
34 ,011146 ,广州市白云区南悦中学,,,,62 ,,3 ,,,12 ,,0 ,,0 ,1 ,,0 ,,0 ,,0 ,,0 ,,0 ,,0 ,0 ,,0 ,0 ,0 ,,1 ,,1 ,,0 ,,0 ,,0 ,,0 ,0 ,,,0 ,0 ,,2 ,,0 ,,2 ,,0 ,,,0 ,,,,5 ,1 ,,1 ,,0 ,1 
35 ,011147 ,广州市白云区穗丰学校,,,,29 ,,1 ,,,6 ,,0 ,,0 ,0 ,,0 ,,0 ,,0 ,,0 ,,0 ,,0 ,1 ,,0 ,0 ,0 ,,0 ,,0 ,,0 ,,0 ,,0 ,,0 ,0 ,,,0 ,0 ,,0 ,,0 ,,0 ,,1 ,,,0 ,,,,1 ,0 ,,2 ,,2 ,0 
36 ,011149 ,广州市铁一中学(白云校区),,,,493 ,,25 ,,,80 ,,2 ,,0 ,4 ,,0 ,,2 ,,2 ,,0 ,,3 ,,4 ,0 ,,1 ,1 ,1 ,,2 ,,0 ,,1 ,,0 ,,0 ,,0 ,2 ,,,0 ,1 ,,5 ,,9 ,,6 ,,6 ,,,4 ,,,,8 ,10 ,,7 ,,10 ,15 
37 ,011150 ,广州市白云区白云广附云湖实验学校,,,,23 ,,1 ,,,4 ,,0 ,,0 ,0 ,,1 ,,0 ,,0 ,,0 ,,0 ,,0 ,0 ,,0 ,0 ,0 ,,0 ,,0 ,,0 ,,0 ,,0 ,,0 ,0 ,,,0 ,0 ,,1 ,,0 ,,0 ,,1 ,,,0 ,,,,0 ,1 ,,0 ,,1 ,0 
38 ,011151 ,广州市白云区广州空港实验中学,,,,220 ,,11 ,,,42 ,,0 ,,0 ,1 ,,0 ,,0 ,,0 ,,0 ,,1 ,,1 ,0 ,,0 ,0 ,1 ,,2 ,,1 ,,0 ,,0 ,,1 ,,1 ,1 ,,,1 ,0 ,,2 ,,2 ,,6 ,,2 ,,,1 ,,,,7 ,7 ,,3 ,,3 ,9 
39 ,011153 ,广州市白云区石井中学,,,,108 ,,6 ,,,21 ,,1 ,,0 ,0 ,,1 ,,1 ,,0 ,,0 ,,0 ,,1 ,0 ,,0 ,0 ,0 ,,0 ,,0 ,,0 ,,0 ,,1 ,,0 ,1 ,,,0 ,0 ,,2 ,,4 ,,1 ,,1 ,,,2 ,,,,2 ,1 ,,3 ,,3 ,2 
注:各初中学校分得的名额分配计划已包含面向集团直接分配的名额°                                                                                                                                                      2026_05_12 15:21,,,,,,,,,,,,,,,,,,,,,,,,,,,,,,,,,,,,,,,,,,,,,,,,,,,,,,,,,,,,,,,,,,,,,,,
序号,代码,初中学校,,,,名额考生,,省市名额,,,区属名额,,华附石牌,,华附知识城,,省实荔湾,,省实白云,,广雅荔湾,广雅花都,,执信越秀,,执信天河,,"二
中",,六中海珠,,六中从化,,六中花都,,侨中,协和,,广附,,"铁
__
越
秀",,"铁
__
番
禺",,"铁
__
白
云",,广州外国语,,清湾智谷,,清湾智慧城,,培英云城,,培英鹤洞,六十五中江高,,六十五中同德,,,六十五中江府,,,,大同,白云中学,,彭加木,,广外实验,空港实验
40 ,011154 ,广东华侨中学(白云校区),,,,38 ,,3 ,,,6 ,,0 ,,0 ,,0 ,,0 ,,0 ,0 ,,0 ,,1 ,,0 ,,1 ,,0 ,,0 ,,1 ,0 ,,0 ,,0 ,,0 ,,0 ,,0 ,,0 ,,0 ,,1 ,,0 ,0 ,,0 ,,,1 ,,,,1 ,1 ,,1 ,,0 ,1 
41 ,011155 ,广州市第六十五中学(同德校区),,,,228 ,,12 ,,,37 ,,2 ,,1 ,,1 ,,1 ,,1 ,0 ,,0 ,,1 ,,2 ,,0 ,,0 ,,0 ,,0 ,0 ,,1 ,,0 ,,0 ,,0 ,,2 ,,0 ,,0 ,,4 ,,5 ,5 ,,2 ,,,2 ,,,,2 ,6 ,,2 ,,5 ,4 
42 ,011156 ,广州市白云区龙涛外国语实验学校,,,,263 ,,14 ,,,42 ,,0 ,,1 ,,2 ,,2 ,,0 ,0 ,,1 ,,0 ,,0 ,,1 ,,1 ,,0 ,,0 ,1 ,,1 ,,0 ,,2 ,,1 ,,0 ,,0 ,,1 ,,5 ,,2 ,4 ,,4 ,,,2 ,,,,8 ,5 ,,3 ,,5 ,4 
43 ,011158 ,广州市白云区广云外国语学校,,,,72 ,,4 ,,,12 ,,1 ,,0 ,,0 ,,0 ,,0 ,0 ,,0 ,,0 ,,0 ,,0 ,,0 ,,1 ,,0 ,0 ,,1 ,,0 ,,0 ,,1 ,,0 ,,0 ,,0 ,,2 ,,1 ,1 ,,0 ,,,0 ,,,,1 ,1 ,,1 ,,3 ,2 
44 ,011159 ,广州市白云区应元颐和实验学校,,,,36 ,,2 ,,,6 ,,0 ,,0 ,,0 ,,0 ,,0 ,0 ,,0 ,,0 ,,0 ,,1 ,,0 ,,0 ,,0 ,0 ,,1 ,,0 ,,0 ,,0 ,,0 ,,0 ,,0 ,,0 ,,2 ,0 ,,1 ,,,0 ,,,,1 ,1 ,,0 ,,0 ,1 
45 ,011163 ,广州市白云区广州培文外国语学校,,,,364 ,,19 ,,,59 ,,0 ,,1 ,,1 ,,2 ,,1 ,1 ,,2 ,,0 ,,0 ,,1 ,,0 ,,3 ,,1 ,0 ,,1 ,,0 ,,1 ,,1 ,,2 ,,0 ,,1 ,,12 ,,3 ,4 ,,7 ,,,0 ,,,,5 ,7 ,,7 ,,3 ,11 
46 ,011164 ,广州市源雅学校,,,,288 ,,15 ,,,46 ,,0 ,,2 ,,2 ,,0 ,,0 ,1 ,,1 ,,1 ,,1 ,,0 ,,1 ,,0 ,,0 ,2 ,,0 ,,1 ,,0 ,,0 ,,0 ,,2 ,,1 ,,7 ,,7 ,2 ,,4 ,,,4 ,,,,4 ,4 ,,2 ,,6 ,6 
47 ,011165 ,广州市白云区广大附中实验中学,,,,859 ,,44 ,,,139 ,,3 ,,2 ,,1 ,,0 ,,1 ,3 ,,2 ,,1 ,,3 ,,1 ,,3 ,,4 ,,2 ,1 ,,3 ,,3 ,,0 ,,3 ,,1 ,,3 ,,4 ,,18 ,,6 ,13 ,,11 ,,,4 ,,,,14 ,14 ,,18 ,,20 ,21 
48 ,011166 ,广州市白云区白云实验学校,,,,613 ,,32 ,,,99 ,,0 ,,0 ,,3 ,,1 ,,2 ,1 ,,3 ,,1 ,,2 ,,2 ,,0 ,,2 ,,3 ,2 ,,1 ,,2 ,,2 ,,0 ,,1 ,,1 ,,3 ,,9 ,,8 ,8 ,,7 ,,,5 ,,,,13 ,14 ,,12 ,,15 ,8 
49 ,011167 ,广州市白云区珠江实验学校,,,,594 ,,31 ,,,96 ,,0 ,,0 ,,1 ,,0 ,,4 ,1 ,,4 ,,5 ,,3 ,,0 ,,1 ,,1 ,,0 ,0 ,,1 ,,1 ,,0 ,,4 ,,4 ,,0 ,,1 ,,5 ,,9 ,10 ,,8 ,,,7 ,,,,13 ,11 ,,9 ,,13 ,11 
50 ,011168 ,广州市白云区华赋学校,,,,362 ,,19 ,,,58 ,,0 ,,1 ,,1 ,,2 ,,1 ,1 ,,2 ,,1 ,,0 ,,2 ,,0 ,,1 ,,1 ,2 ,,0 ,,0 ,,0 ,,2 ,,1 ,,0 ,,1 ,,5 ,,6 ,5 ,,8 ,,,3 ,,,,7 ,7 ,,4 ,,6 ,7 
51 ,011169 ,广州市白云区云雅实验学校,,,,478 ,,25 ,,,77 ,,0 ,,0 ,,1 ,,2 ,,2 ,0 ,,0 ,,1 ,,2 ,,0 ,,0 ,,0 ,,3 ,0 ,,3 ,,0 ,,2 ,,3 ,,3 ,,2 ,,1 ,,9 ,,6 ,6 ,,4 ,,,3 ,,,,7 ,10 ,,9 ,,14 ,9 
52 ,011170 ,广州市白云区培英实验学校,,,,265 ,,14 ,,,43 ,,0 ,,1 ,,1 ,,2 ,,2 ,1 ,,0 ,,1 ,,0 ,,1 ,,0 ,,1 ,,1 ,0 ,,2 ,,0 ,,0 ,,0 ,,0 ,,0 ,,1 ,,2 ,,4 ,6 ,,0 ,,,4 ,,,,9 ,4 ,,7 ,,3 ,4 
53 ,011171 ,广州市白云区梓元岗中学,,,,147 ,,8 ,,,24 ,,0 ,,0 ,,1 ,,0 ,,0 ,0 ,,0 ,,0 ,,2 ,,1 ,,1 ,,0 ,,0 ,2 ,,0 ,,0 ,,0 ,,0 ,,0 ,,0 ,,1 ,,3 ,,0 ,2 ,,1 ,,,2 ,,,,3 ,2 ,,2 ,,4 ,5 
54 ,011172 ,广州市白云区民航学校,,,,60 ,,3 ,,,10 ,,0 ,,0 ,,0 ,,0 ,,0 ,0 ,,0 ,,0 ,,0 ,,1 ,,0 ,,0 ,,0 ,0 ,,2 ,,0 ,,0 ,,0 ,,0 ,,0 ,,0 ,,1 ,,2 ,2 ,,0 ,,,1 ,,,,0 ,0 ,,1 ,,3 ,0 
55 ,011173 ,广州华联外语实验学校,,,,36 ,,2 ,,,6 ,,0 ,,0 ,,0 ,,0 ,,0 ,0 ,,0 ,,1 ,,0 ,,0 ,,0 ,,0 ,,0 ,0 ,,1 ,,0 ,,0 ,,0 ,,0 ,,0 ,,0 ,,0 ,,1 ,0 ,,0 ,,,0 ,,,,0 ,1 ,,1 ,,1 ,2 
56 ,011174 ,广州市白云区白云外国语中学,,,,112 ,,6 ,,,18 ,,0 ,,2 ,,1 ,,0 ,,0 ,0 ,,1 ,,0 ,,0 ,,0 ,,1 ,,0 ,,1 ,0 ,,0 ,,0 ,,0 ,,0 ,,0 ,,0 ,,0 ,,3 ,,1 ,5 ,,1 ,,,1 ,,,,3 ,3 ,,0 ,,0 ,1 
57 ,011176 ,广州市白云区京师实验学校,,,,149 ,,8 ,,,24 ,,0 ,,0 ,,0 ,,1 ,,1 ,1 ,,0 ,,1 ,,0 ,,0 ,,0 ,,1 ,,0 ,0 ,,0 ,,0 ,,0 ,,2 ,,1 ,,0 ,,0 ,,2 ,,2 ,3 ,,2 ,,,0 ,,,,4 ,4 ,,1 ,,1 ,5 
58 ,011177 ,广州市白云区珠江中学,,,,18 ,,1 ,,,3 ,,0 ,,0 ,,0 ,,1 ,,0 ,0 ,,0 ,,0 ,,0 ,,0 ,,0 ,,0 ,,0 ,0 ,,0 ,,0 ,,0 ,,0 ,,0 ,,0 ,,0 ,,0 ,,0 ,0 ,,0 ,,,0 ,,,,0 ,0 ,,1 ,,1 ,1 
59 ,011180 ,广州市白云区元培实验中学,,,,4 ,,1 ,,,0 ,,0 ,,0 ,,0 ,,0 ,,0 ,0 ,,0 ,,0 ,,0 ,,0 ,,0 ,,0 ,,0 ,0 ,,0 ,,0 ,,0 ,,1 ,,0 ,,0 ,,0 ,,0 ,,0 ,0 ,,0 ,,,0 ,,,,0 ,0 ,,0 ,,0 ,0 
注:各初中学校分得的名额分配计划已包含面向集团直接分配的名额.                                                                                                                                                      2026_05_12 15:21,,,,,,,,,,,,,,,,,,,,,,,,,,,,,,,,,,,,,,,,,,,,,,,,,,,,,,,,,,,,,,,,,,,,,,,
序号,代码,初中学校,,,,名额考生,,省市名额,,,区属名额,,华附石牌,,华附知识城,省实荔湾,,省实白云,,广雅荔湾,,广雅花都,,执信越秀,,执信天河,,"二
中",六中海珠,,六中从化,,六中花都,,侨中,,协和,,广附,,"铁
__
越
秀",,"铁
__
番
禺",,"铁
__
白
云",广州外国语,,,清湾智谷,清湾智慧城,,培英云城,,培英鹤洞,,六十五中江高,,六十五中同德,,,六十五中江府,,,,大同,白云中学,,彭加木,,广外实验,空港实验
60 ,011184 ,广州市白云区龙江中学,,,,11 ,,1 ,,,2 ,,0 ,,0 ,0 ,,1 ,,0 ,,0 ,,0 ,,0 ,,0 ,0 ,,0 ,,0 ,,0 ,,0 ,,0 ,,0 ,,0 ,,0 ,0 ,,,0 ,0 ,,0 ,,0 ,,0 ,,0 ,,,0 ,,,,0 ,0 ,,2 ,,0 ,0 
61 ,011185 ,广州市实验外语学校,,,,259 ,,13 ,,,42 ,,1 ,,0 ,1 ,,0 ,,3 ,,1 ,,0 ,,1 ,,0 ,0 ,,1 ,,0 ,,0 ,,1 ,,1 ,,0 ,,1 ,,1 ,1 ,,,0 ,0 ,,3 ,,5 ,,5 ,,5 ,,,3 ,,,,6 ,4 ,,5 ,,5 ,1 
62 ,011187 ,广州市庆丰实验学校,,,,123 ,,6 ,,,20 ,,0 ,,0 ,0 ,,0 ,,0 ,,1 ,,0 ,,0 ,,2 ,0 ,,0 ,,1 ,,0 ,,0 ,,0 ,,1 ,,0 ,,0 ,1 ,,,0 ,0 ,,2 ,,0 ,,0 ,,2 ,,,1 ,,,,2 ,1 ,,3 ,,5 ,4 
63 ,011188 ,广州市白云区华新学校,,,,417 ,,21 ,,,67 ,,0 ,,2 ,1 ,,0 ,,0 ,,2 ,,0 ,,2 ,,4 ,3 ,,1 ,,1 ,,1 ,,0 ,,2 ,,0 ,,0 ,,0 ,1 ,,,0 ,1 ,,6 ,,5 ,,8 ,,5 ,,,4 ,,,,7 ,7 ,,6 ,,8 ,11 
64 ,011190 ,广州市白云区嘉禾新都学校,,,,10 ,,1 ,,,2 ,,0 ,,0 ,0 ,,0 ,,0 ,,1 ,,0 ,,0 ,,0 ,0 ,,0 ,,0 ,,0 ,,0 ,,0 ,,0 ,,0 ,,0 ,0 ,,,0 ,0 ,,0 ,,0 ,,0 ,,0 ,,,0 ,,,,1 ,0 ,,0 ,,0 ,1 
65 ,011191 ,广州市白云区景泰中学,,,,150 ,,8 ,,,24 ,,0 ,,0 ,0 ,,1 ,,1 ,,0 ,,0 ,,1 ,,0 ,1 ,,0 ,,0 ,,0 ,,1 ,,1 ,,0 ,,0 ,,0 ,0 ,,,1 ,1 ,,1 ,,0 ,,0 ,,1 ,,,0 ,,,,2 ,5 ,,5 ,,5 ,5 
66 ,011192 ,广州市白云中学(汇侨校区),,,,114 ,,6 ,,,18 ,,0 ,,0 ,0 ,,0 ,,0 ,,0 ,,1 ,,0 ,,2 ,1 ,,0 ,,1 ,,0 ,,0 ,,0 ,,0 ,,0 ,,0 ,0 ,,,0 ,1 ,,2 ,,0 ,,5 ,,2 ,,,1 ,,,,0 ,1 ,,4 ,,2 ,1 
67 ,011193 ,广州市第六十五中学(桃园校区),,,,246 ,,13 ,,,40 ,,0 ,,0 ,2 ,,0 ,,0 ,,0 ,,0 ,,1 ,,1 ,0 ,,0 ,,1 ,,0 ,,3 ,,0 ,,1 ,,0 ,,0 ,2 ,,,1 ,1 ,,5 ,,5 ,,4 ,,0 ,,,1 ,,,,2 ,8 ,,6 ,,5 ,4 
68 ,011194 ,广州市第六十七中学,,,,139 ,,7 ,,,27 ,,0 ,,0 ,1 ,,0 ,,0 ,,0 ,,0 ,,1 ,,0 ,0 ,,0 ,,0 ,,0 ,,1 ,,1 ,,0 ,,0 ,,1 ,0 ,,,2 ,0 ,,1 ,,3 ,,0 ,,3 ,,,1 ,,,,2 ,6 ,,1 ,,6 ,4 
69 ,011195 ,广州市白云区成龙中学,,,,2 ,,0 ,,,1 ,,0 ,,0 ,0 ,,0 ,,0 ,,0 ,,0 ,,0 ,,0 ,0 ,,0 ,,0 ,,0 ,,0 ,,0 ,,0 ,,0 ,,0 ,0 ,,,0 ,0 ,,0 ,,0 ,,0 ,,0 ,,,0 ,,,,0 ,0 ,,1 ,,0 ,0 
70 ,011196 ,广州市白云区平沙培英学校,,,,228 ,,12 ,,,37 ,,0 ,,2 ,0 ,,1 ,,0 ,,0 ,,2 ,,0 ,,1 ,0 ,,0 ,,0 ,,0 ,,1 ,,2 ,,1 ,,0 ,,0 ,1 ,,,1 ,0 ,,5 ,,1 ,,3 ,,0 ,,,3 ,,,,2 ,3 ,,3 ,,11 ,6 
71 ,011197 ,广州市白云中学(棠景校区),,,,32 ,,2 ,,,5 ,,0 ,,0 ,0 ,,0 ,,0 ,,0 ,,0 ,,0 ,,0 ,0 ,,0 ,,0 ,,0 ,,0 ,,0 ,,0 ,,0 ,,0 ,0 ,,,1 ,1 ,,0 ,,1 ,,0 ,,0 ,,,0 ,,,,4 ,0 ,,0 ,,0 ,0 
"注:各初中学校分得的名额分配计划已包含面向集团直接分配的名额.                                                                                                                                                      2026_05_12 15:21
第4页 共4页",,,,,,,,,,,,,,,,,,,,,,,,,,,,,,,,,,,,,,,,,,,,,,,,,,,,,,,,,,,,,,,,,,,,,,,
序号,代码,初中学校,,,,名额考生,,,省市名额,,,"区属
名额",,,华附石牌,,华附知识城,,省实荔湾,,省实白云,,广雅荔湾,,广雅花都,执信越秀,,执信天河,,"二
中",,六中海珠,,六中从化,,六中花都,,侨中,协和,,广附,,"铁
__
越
秀",,"铁
__
番
禺",,"铁
__
白
云",,广州外国语,,清湾智谷,,清湾智慧城,,八十六中,,玉岩,,科中,,,石化中学,,,北师大广实,,黄埔开元,,广实,,黄埔苏元
,0112 ,黄埔区,,,,10744 ,,,560 ,,,1984 ,,,17 ,,20 ,,33 ,,24 ,,33 ,,24 ,25 ,,37 ,,53 ,,35 ,,16 ,,23 ,,16 ,29 ,,37 ,,15 ,,16 ,,28 ,,33 ,,18 ,,28 ,,260 ,,419 ,,270 ,,,250 ,,,225 ,,200 ,,180 ,,180 
1 ,01 1202,广州市第八十六中学,,,,453 ,,,23 ,,,81 ,,,1 ,,2 ,,1 ,,0 ,,1 ,,0 ,1 ,,2 ,,2 ,,2 ,,1 ,,1 ,,1 ,2 ,,3 ,,0 ,,0 ,,0 ,,1 ,,0 ,,2 ,,9 ,,19 ,,12 ,,,11 ,,,9 ,,10 ,,3 ,,8 
2 ,01 1203,广州开发区外国语学校,,,,335 ,,,17 ,,,60 ,,,0 ,,1 ,,0 ,,0 ,,1 ,,1 ,1 ,,1 ,,3 ,,0 ,,1 ,,0 ,,0 ,1 ,,2 ,,1 ,,0 ,,4 ,,0 ,,0 ,,0 ,,7 ,,9 ,,11 ,,,10 ,,,7 ,,6 ,,6 ,,4 
3 ,01 1204,广州市第一二三中学,,,,259 ,,,13 ,,,55 ,,,0 ,,0 ,,2 ,,0 ,,1 ,,1 ,1 ,,1 ,,0 ,,1 ,,0 ,,1 ,,0 ,1 ,,0 ,,0 ,,0 ,,0 ,,3 ,,1 ,,0 ,,14 ,,10 ,,6 ,,,5 ,,,6 ,,4 ,,7 ,,3 
4 ,01 1206,广州石化中学,,,,148 ,,,8 ,,,31 ,,,0 ,,0 ,,2 ,,0 ,,0 ,,0 ,0 ,,0 ,,1 ,,2 ,,0 ,,0 ,,1 ,1 ,,0 ,,0 ,,0 ,,1 ,,0 ,,0 ,,0 ,,6 ,,8 ,,2 ,,,8 ,,,1 ,,2 ,,4 ,,0 
5 ,01 1207,广州市黄埔区港湾中学,,,,192 ,,,10 ,,,40 ,,,0 ,,0 ,,0 ,,0 ,,1 ,,0 ,1 ,,0 ,,2 ,,1 ,,1 ,,0 ,,0 ,1 ,,1 ,,0 ,,0 ,,0 ,,1 ,,1 ,,0 ,,13 ,,5 ,,5 ,,,6 ,,,3 ,,3 ,,4 ,,1 
6 ,01 1208,广州市黄埔区新港中学,,,,213 ,,,11 ,,,45 ,,,0 ,,0 ,,1 ,,0 ,,0 ,,3 ,0 ,,0 ,,0 ,,1 ,,1 ,,1 ,,0 ,1 ,,0 ,,0 ,,1 ,,1 ,,0 ,,0 ,,1 ,,17 ,,8 ,,4 ,,,6 ,,,1 ,,1 ,,6 ,,2 
7 ,01 1210,广州市黄埔区双沙中学,,,,32 ,,,2 ,,,6 ,,,0 ,,0 ,,0 ,,0 ,,0 ,,0 ,0 ,,0 ,,0 ,,0 ,,0 ,,0 ,,0 ,0 ,,0 ,,0 ,,0 ,,0 ,,2 ,,0 ,,0 ,,0 ,,1 ,,1 ,,,1 ,,,0 ,,2 ,,0 ,,1 
8 ,011211 ,广州开发区中学,,,,330 ,,,17 ,,,59 ,,,0 ,,0 ,,1 ,,2 ,,1 ,,0 ,3 ,,0 ,,1 ,,1 ,,1 ,,0 ,,1 ,2 ,,1 ,,0 ,,0 ,,1 ,,0 ,,2 ,,0 ,,11 ,,10 ,,5 ,,,10 ,,,7 ,,8 ,,5 ,,3 
9 ,01 1212,广州市黄埔区东区中学,,,,42 ,,,2 ,,,7 ,,,0 ,,0 ,,0 ,,0 ,,1 ,,0 ,0 ,,0 ,,0 ,,1 ,,0 ,,0 ,,0 ,0 ,,0 ,,0 ,,0 ,,0 ,,0 ,,0 ,,0 ,,0 ,,0 ,,1 ,,,0 ,,,3 ,,1 ,,2 ,,0 
10 ,01 1213,广州科学城中学,,,,225 ,,,11 ,,,40 ,,,0 ,,1 ,,1 ,,1 ,,1 ,,2 ,0 ,,1 ,,0 ,,1 ,,0 ,,1 ,,0 ,0 ,,1 ,,0 ,,1 ,,0 ,,0 ,,0 ,,0 ,,4 ,,9 ,,4 ,,,4 ,,,5 ,,4 ,,4 ,,6 
11 ,01 1215,广州市第一一七中学,,,,266 ,,,14 ,,,56 ,,,0 ,,0 ,,1 ,,0 ,,0 ,,0 ,1 ,,2 ,,1 ,,2 ,,0 ,,1 ,,0 ,1 ,,0 ,,0 ,,2 ,,0 ,,1 ,,1 ,,1 ,,5 ,,9 ,,14 ,,,4 ,,,10 ,,5 ,,4 ,,5 
12 ,01 1219,广州市黄埔区玉岩实验学校,,,,531 ,,,27 ,,,113 ,,,1 ,,2 ,,3 ,,1 ,,2 ,,1 ,0 ,,2 ,,1 ,,1 ,,0 ,,0 ,,1 ,1 ,,4 ,,1 ,,0 ,,2 ,,2 ,,1 ,,1 ,,11 ,,41 ,,13 ,,,10 ,,,8 ,,11 ,,11 ,,8 
13 ,01 1221,广州市黄埔区华峰学校,,,,166 ,,,8 ,,,36 ,,,1 ,,1 ,,0 ,,0 ,,0 ,,1 ,0 ,,1 ,,0 ,,0 ,,1 ,,0 ,,0 ,0 ,,0 ,,0 ,,0 ,,1 ,,0 ,,0 ,,2 ,,3 ,,8 ,,9 ,,,2 ,,,2 ,,4 ,,7 ,,1 
14 ,01 1222,广州市黄埔区华实学校,,,,444 ,,,23 ,,,79 ,,,2 ,,1 ,,1 ,,2 ,,2 ,,1 ,0 ,,2 ,,3 ,,2 ,,0 ,,0 ,,0 ,0 ,,2 ,,0 ,,2 ,,0 ,,1 ,,1 ,,1 ,,8 ,,16 ,,11 ,,,4 ,,,13 ,,5 ,,11 ,,11 
15 ,01 1223,广州市天健学校,,,,298 ,,,15 ,,,53 ,,,0 ,,2 ,,0 ,,0 ,,2 ,,0 ,0 ,,2 ,,0 ,,2 ,,0 ,,0 ,,0 ,0 ,,1 ,,1 ,,1 ,,1 ,,1 ,,1 ,,1 ,,7 ,,9 ,,14 ,,,6 ,,,6 ,,4 ,,2 ,,5 
16 ,01 1224,广州市黄埔区华外同文外国语学校,,,,91 ,,,5 ,,,16 ,,,0 ,,1 ,,0 ,,0 ,,1 ,,0 ,0 ,,1 ,,0 ,,1 ,,0 ,,0 ,,1 ,0 ,,0 ,,0 ,,0 ,,0 ,,0 ,,0 ,,0 ,,3 ,,3 ,,1 ,,,2 ,,,0 ,,5 ,,2 ,,0 
17 ,01 1227,广州市黄埔区玉泉学校,,,,446 ,,,23 ,,,80 ,,,1 ,,1 ,,1 ,,0 ,,0 ,,1 ,1 ,,1 ,,1 ,,1 ,,1 ,,2 ,,2 ,4 ,,1 ,,0 ,,2 ,,1 ,,2 ,,0 ,,0 ,,6 ,,19 ,,9 ,,,15 ,,,7 ,,6 ,,10 ,,8 
18 ,01 1228,北京师范大学广州实验学校,,,,508 ,,,26 ,,,91 ,,,0 ,,1 ,,4 ,,1 ,,2 ,,0 ,0 ,,2 ,,2 ,,1 ,,1 ,,0 ,,0 ,1 ,,4 ,,1 ,,0 ,,2 ,,1 ,,0 ,,3 ,,11 ,,13 ,,14 ,,,12 ,,,13 ,,6 ,,8 ,,14 
19 ,01 1229,广州市黄埔区开元学校,,,,338 ,,,17 ,,,60 ,,,0 ,,1 ,,2 ,,0 ,,2 ,,0 ,2 ,,0 ,,2 ,,0 ,,0 ,,1 ,,1 ,1 ,,0 ,,0 ,,1 ,,2 ,,2 ,,0 ,,0 ,,7 ,,9 ,,11 ,,,9 ,,,4 ,,6 ,,7 ,,7 
注:各初中学校分得的名额分配计划已包含面向集团直接分配的名额.                                                                                                                                                      2026_05_12 15:21,,,,,,,,,,,,,,,,,,,,,,,,,,,,,,,,,,,,,,,,,,,,,,,,,,,,,,,,,,,,,,,,,,,,,,,
序号,代码,初中学校,,,,名额考生,,省市名额,,,区属名额,,华附石牌,,华附知识城,,,省实荔湾,,省实白云,,广雅荔湾,,广雅花都,,执信越秀,,执信天河,,"二
中",,六中海珠,,六中从化,,六中花都,,,侨中,,协和,,广附,"铁
__
越
秀",,,"铁
__
番
禺",,"铁
__
白
云",广州外国语,,,清湾智谷,,清湾智慧城,,八十六中,,玉岩,,科中,,,石化中学,,北师大广实,,黄埔开元,,广实,黄埔苏元
20 ,01 1230,广州市黄埔区会元学校,,,,217 ,,18 ,,,39 ,,0 ,,0 ,,,0 ,,1 ,,1 ,,0 ,,0 ,,2 ,,7 ,,1 ,,0 ,,1 ,,,0 ,,0 ,,1 ,0 ,,,1 ,,1 ,1 ,,,1 ,,0 ,,6 ,,8 ,,6 ,,,6 ,,6 ,,0 ,,3 ,4 
21 ,01 1231,广东省教育研究院黄埔实验学校,,,,212 ,,11 ,,,45 ,,0 ,,0 ,,,0 ,,1 ,,2 ,,0 ,,0 ,,2 ,,0 ,,0 ,,0 ,,0 ,,,2 ,,0 ,,1 ,1 ,,,0 ,,1 ,0 ,,,1 ,,0 ,,5 ,,12 ,,6 ,,,7 ,,5 ,,6 ,,1 ,3 
22 ,01 1232,广州市新侨学校,,,,1 ,,1 ,,,0 ,,0 ,,0 ,,,0 ,,0 ,,0 ,,0 ,,0 ,,0 ,,1 ,,0 ,,0 ,,0 ,,,0 ,,0 ,,0 ,0 ,,,0 ,,0 ,0 ,,,0 ,,0 ,,0 ,,0 ,,0 ,,,0 ,,0 ,,0 ,,0 ,0 
23 ,01 1233,广州市黄埔区铁英中学,,,,655 ,,34 ,,,117 ,,1 ,,0 ,,,1 ,,4 ,,2 ,,0 ,,1 ,,1 ,,4 ,,4 ,,1 ,,2 ,,,1 ,,0 ,,2 ,1 ,,,1 ,,3 ,1 ,,,1 ,,3 ,,12 ,,28 ,,12 ,,,14 ,,15 ,,16 ,,9 ,11 
24 ,01 1234,广州实验中学,,,,644 ,,33 ,,,115 ,,1 ,,1 ,,,1 ,,4 ,,2 ,,1 ,,2 ,,2 ,,6 ,,0 ,,0 ,,1 ,,,0 ,,1 ,,0 ,1 ,,,0 ,,3 ,4 ,,,1 ,,2 ,,13 ,,25 ,,19 ,,,12 ,,17 ,,8 ,,9 ,12 
25 ,01 1235,广州市黄埔军校中学,,,,484 ,,25 ,,,86 ,,0 ,,2 ,,,2 ,,1 ,,2 ,,1 ,,1 ,,2 ,,3 ,,0 ,,0 ,,0 ,,,1 ,,2 ,,3 ,1 ,,,0 ,,1 ,1 ,,,0 ,,2 ,,9 ,,19 ,,6 ,,,13 ,,8 ,,14 ,,8 ,9 
26 ,01 1236,广东外语外贸大学附属科学城实验学校,,,,94 ,,5 ,,,17 ,,0 ,,0 ,,,0 ,,0 ,,0 ,,0 ,,0 ,,0 ,,2 ,,0 ,,0 ,,0 ,,,0 ,,1 ,,1 ,1 ,,,0 ,,0 ,0 ,,,0 ,,0 ,,2 ,,3 ,,2 ,,,3 ,,1 ,,3 ,,2 ,1 
27 ,01 1237,广东外语外贸大学附属黄埔实验学校,,,,143 ,,7 ,,,25 ,,0 ,,1 ,,,0 ,,0 ,,1 ,,0 ,,0 ,,0 ,,0 ,,0 ,,0 ,,1 ,,,0 ,,1 ,,0 ,1 ,,,0 ,,0 ,1 ,,,0 ,,1 ,,4 ,,8 ,,1 ,,,5 ,,3 ,,1 ,,2 ,1 
28 ,01 1238,湖南师范大学附属黄埔实验学校,,,,272 ,,14 ,,,49 ,,1 ,,0 ,,,0 ,,0 ,,0 ,,1 ,,1 ,,1 ,,2 ,,1 ,,0 ,,2 ,,,0 ,,1 ,,1 ,1 ,,,0 ,,0 ,1 ,,,0 ,,1 ,,3 ,,11 ,,8 ,,,10 ,,6 ,,7 ,,1 ,3 
29 ,01 1239,广州知识城中学,,,,309 ,,16 ,,,55 ,,3 ,,0 ,,,0 ,,0 ,,0 ,,1 ,,0 ,,1 ,,3 ,,1 ,,0 ,,1 ,,,0 ,,1 ,,0 ,0 ,,,1 ,,1 ,2 ,,,1 ,,0 ,,4 ,,10 ,,7 ,,,8 ,,9 ,,6 ,,6 ,5 
30 ,01 1240,华南师范大学附属中学(知识城校区),,,,188 ,,10 ,,,34 ,,0 ,,0 ,,,0 ,,1 ,,2 ,,0 ,,1 ,,0 ,,0 ,,1 ,,1 ,,0 ,,,0 ,,0 ,,1 ,0 ,,,0 ,,0 ,1 ,,,0 ,,2 ,,4 ,,4 ,,3 ,,,4 ,,6 ,,4 ,,4 ,5 
31 ,01 1241,广州市黄埔区丰乐初级中学,,,,219 ,,11 ,,,39 ,,0 ,,0 ,,,2 ,,2 ,,0 ,,1 ,,0 ,,1 ,,0 ,,1 ,,1 ,,0 ,,,1 ,,0 ,,0 ,1 ,,,0 ,,0 ,0 ,,,0 ,,1 ,,3 ,,8 ,,7 ,,,4 ,,6 ,,5 ,,3 ,3 
32 ,01 1242,广大附中高新区实验学校,,,,184 ,,9 ,,,33 ,,0 ,,0 ,,,1 ,,0 ,,0 ,,0 ,,0 ,,0 ,,0 ,,0 ,,1 ,,3 ,,,0 ,,1 ,,1 ,1 ,,,0 ,,0 ,0 ,,,1 ,,0 ,,4 ,,13 ,,5 ,,,0 ,,2 ,,2 ,,5 ,2 
33 ,01 1261,广州市黄埔东晖学校,,,,2 ,,1 ,,,0 ,,0 ,,0 ,,,0 ,,0 ,,0 ,,0 ,,1 ,,0 ,,0 ,,0 ,,0 ,,0 ,,,0 ,,0 ,,0 ,0 ,,,0 ,,0 ,0 ,,,0 ,,0 ,,0 ,,0 ,,0 ,,,0 ,,0 ,,0 ,,0 ,0 
34 ,01 1267,广州市黄埔国光学校,,,,3 ,,0 ,,,1 ,,0 ,,0 ,,,0 ,,0 ,,0 ,,0 ,,0 ,,0 ,,0 ,,0 ,,0 ,,0 ,,,0 ,,0 ,,0 ,0 ,,,0 ,,0 ,0 ,,,0 ,,0 ,,0 ,,1 ,,0 ,,,0 ,,0 ,,0 ,,0 ,0 
35 ,01 1270,广州市黄埔区中黄外国语实验学校,,,,35 ,,2 ,,,6 ,,0 ,,1 ,,,0 ,,0 ,,0 ,,0 ,,0 ,,0 ,,0 ,,0 ,,0 ,,0 ,,,0 ,,1 ,,0 ,0 ,,,0 ,,0 ,0 ,,,0 ,,0 ,,2 ,,1 ,,0 ,,,2 ,,0 ,,0 ,,1 ,0 
36 ,01 1272,广州市黄埔东联学校,,,,0 ,,0 ,,,0 ,,0 ,,0 ,,,0 ,,0 ,,0 ,,0 ,,0 ,,0 ,,0 ,,0 ,,0 ,,0 ,,,0 ,,0 ,,0 ,0 ,,,0 ,,0 ,0 ,,,0 ,,0 ,,0 ,,0 ,,0 ,,,0 ,,0 ,,0 ,,0 ,0 
37 ,01 1274,广州市黄埔军校纪念中学,,,,367 ,,19 ,,,65 ,,1 ,,0 ,,,2 ,,1 ,,1 ,,0 ,,2 ,,2 ,,1 ,,0 ,,0 ,,1 ,,,1 ,,0 ,,0 ,0 ,,,2 ,,0 ,1 ,,,2 ,,2 ,,8 ,,16 ,,6 ,,,5 ,,7 ,,12 ,,4 ,7 
38 ,01 1275,广州市黄埔区南方中英文学校,,,,5 ,,0 ,,,1 ,,0 ,,0 ,,,0 ,,0 ,,0 ,,0 ,,0 ,,0 ,,0 ,,0 ,,0 ,,0 ,,,0 ,,0 ,,0 ,0 ,,,0 ,,0 ,0 ,,,0 ,,0 ,,0 ,,0 ,,0 ,,,0 ,,1 ,,0 ,,0 ,0 
39 ,01 1277,广州市黄埔区苏元学校,,,,499 ,,26 ,,,89 ,,1 ,,0 ,,,2 ,,0 ,,0 ,,5 ,,1 ,,3 ,,1 ,,3 ,,1 ,,2 ,,,0 ,,0 ,,1 ,1 ,,,0 ,,2 ,1 ,,,0 ,,2 ,,16 ,,18 ,,14 ,,,7 ,,11 ,,5 ,,7 ,11 
注:各初中学校分得的名额分配计划已包含面向集团直接分配的名额.                                                                                                                                                      2026_05_12 15:21,,,,,,,,,,,,,,,,,,,,,,,,,,,,,,,,,,,,,,,,,,,,,,,,,,,,,,,,,,,,,,,,,,,,,,,
序号,代码,初中学校,,,,名额考生,,省市名额,,,区属名额,,华附石牌,,华附知识城,,,省实荔湾,,省实白云,,广雅荔湾,,广雅花都,,执信越秀,,执信天河,,"二
中",,六中海珠,,六中从化,,六中花都,,,侨中,,协和,,广附,"铁
__
越
秀",,,"铁
__
番
禺",,"铁
__
白
云",广州外国语,,,清湾智谷,,清湾智慧城,,八十六中,,玉岩,,科中,,,石化中学,,北师大广实,,黄埔开元,,广实,黄埔苏元
40 ,01 1278,广大附中黄埔实验学校,,,,716 ,,37 ,,,128 ,,3 ,,1 ,,,1 ,,2 ,,2 ,,2 ,,3 ,,2 ,,3 ,,2 ,,2 ,,1 ,,,1 ,,3 ,,4 ,1 ,,,0 ,,0 ,2 ,,,2 ,,0 ,,14 ,,23 ,,16 ,,,22 ,,16 ,,15 ,,9 ,13 
41 ,01 1280,华南师范大学附属黄埔实验学校,,,,178 ,,9 ,,,32 ,,0 ,,0 ,,,1 ,,0 ,,0 ,,1 ,,1 ,,0 ,,1 ,,1 ,,1 ,,0 ,,,1 ,,0 ,,1 ,0 ,,,1 ,,0 ,0 ,,,0 ,,0 ,,9 ,,5 ,,5 ,,,3 ,,1 ,,3 ,,3 ,3 
"注:各初中学校分得的名额分配计划已包含面向集团直接分配的名额.                                                                                                                                                      2026_05_12 15:21
第3页 共3页",,,,,,,,,,,,,,,,,,,,,,,,,,,,,,,,,,,,,,,,,,,,,,,,,,,,,,,,,,,,,,,,,,,,,,,
序号,代码,初中学校,名额考生,省市名额,"区属
名额",,,华附石牌,,华附知识城,,省实荔湾,,省实白云,广雅荔湾,,广雅花都,,执信越秀,,执信天河,,"二
中",,六中海珠,六中从化,,六中花都,,侨中,协和,,广附,,"铁
__
越
秀",,"铁
__
番
禺",,"铁
__
白
云",,广州外国语,,清湾智谷,,清湾智慧城,,仲元,,番中,,番实,,象贤,,石碁,,洛溪新城,,禺山,,,石北,,,石楼,,南村,,大龙,,二师番禺附中
,0113 ,番禺区,16024 ,838 ,4474 ,,,26 ,,31 ,,50 ,,36 ,49 ,,36 ,,37 ,,55 ,,68 ,,52 ,24 ,,34 ,,33 ,43 ,,56 ,,23 ,,24 ,,42 ,,49 ,,28 ,,42 ,,500 ,,500 ,,325 ,,499 ,,200 ,,300 ,,500 ,,,400 ,,,200 ,,250 ,,300 ,,500 
1 ,01 1302,广东番禺中学附属学校,381 ,20 ,105 ,,,0 ,,0 ,,2 ,,0 ,1 ,,0 ,,2 ,,4 ,,1 ,,2 ,1 ,,1 ,,1 ,0 ,,0 ,,0 ,,1 ,,1 ,,0 ,,1 ,,2 ,,15 ,,11 ,,8 ,,11 ,,2 ,,6 ,,10 ,,,10 ,,,3 ,,7 ,,6 ,,16 
2 ,01 1303,广州市番禺区实验中学,282 ,14 ,87 ,,,0 ,,0 ,,1 ,,1 ,2 ,,0 ,,0 ,,1 ,,3 ,,1 ,0 ,,1 ,,1 ,1 ,,1 ,,0 ,,0 ,,0 ,,1 ,,0 ,,0 ,,5 ,,7 ,,20 ,,4 ,,3 ,,5 ,,10 ,,,4 ,,,4 ,,7 ,,9 ,,9 
3 ,01 1304,广州市番禺区市桥东风中学,482 ,25 ,133 ,,,0 ,,1 ,,0 ,,0 ,0 ,,4 ,,1 ,,2 ,,7 ,,0 ,1 ,,0 ,,1 ,1 ,,2 ,,1 ,,2 ,,1 ,,0 ,,1 ,,0 ,,15 ,,9 ,,10 ,,14 ,,7 ,,11 ,,19 ,,,11 ,,,5 ,,6 ,,11 ,,15 
4 ,01 1305,广州市番禺区市桥侨联中学,418 ,21 ,115 ,,,0 ,,1 ,,1 ,,2 ,2 ,,1 ,,1 ,,1 ,,1 ,,2 ,0 ,,1 ,,1 ,1 ,,2 ,,0 ,,0 ,,1 ,,0 ,,2 ,,1 ,,9 ,,19 ,,12 ,,15 ,,8 ,,4 ,,9 ,,,6 ,,,3 ,,8 ,,9 ,,13 
5 ,01 1306,广州市番禺区少年儿童业余体校,4 ,1 ,1 ,,,0 ,,0 ,,0 ,,0 ,0 ,,0 ,,0 ,,0 ,,0 ,,0 ,0 ,,0 ,,0 ,0 ,,0 ,,0 ,,0 ,,0 ,,1 ,,0 ,,0 ,,0 ,,0 ,,0 ,,0 ,,0 ,,0 ,,0 ,,,0 ,,,0 ,,0 ,,1 ,,0 
6 ,01 1307,广州市番禺区市桥沙头中学,217 ,11 ,60 ,,,0 ,,0 ,,0 ,,0 ,1 ,,1 ,,0 ,,0 ,,2 ,,1 ,0 ,,0 ,,0 ,0 ,,0 ,,1 ,,1 ,,2 ,,0 ,,2 ,,0 ,,2 ,,5 ,,5 ,,2 ,,5 ,,8 ,,9 ,,,4 ,,,7 ,,1 ,,4 ,,8 
7 ,01 1309,广东仲元中学附属学校,174 ,9 ,48 ,,,0 ,,0 ,,1 ,,0 ,1 ,,0 ,,0 ,,0 ,,0 ,,1 ,1 ,,0 ,,1 ,0 ,,1 ,,1 ,,0 ,,0 ,,1 ,,1 ,,0 ,,3 ,,3 ,,4 ,,6 ,,2 ,,2 ,,6 ,,,4 ,,,5 ,,1 ,,7 ,,5 
8 ,01 1310,广州市番禺区钟村中学,448 ,23 ,123 ,,,0 ,,1 ,,1 ,,1 ,0 ,,3 ,,1 ,,2 ,,3 ,,0 ,1 ,,2 ,,1 ,1 ,,0 ,,0 ,,1 ,,1 ,,3 ,,0 ,,1 ,,14 ,,13 ,,6 ,,17 ,,4 ,,6 ,,20 ,,,14 ,,,7 ,,6 ,,9 ,,7 
9 ,011311 ,广东第二师范学院广州南站附属学校,261 ,13 ,72 ,,,0 ,,0 ,,1 ,,1 ,2 ,,0 ,,1 ,,0 ,,0 ,,1 ,0 ,,0 ,,1 ,1 ,,0 ,,0 ,,2 ,,0 ,,2 ,,0 ,,1 ,,13 ,,7 ,,3 ,,8 ,,3 ,,8 ,,7 ,,,5 ,,,1 ,,6 ,,7 ,,4 
10 ,01 1312,广州市番禺区钟村奥园学校,54 ,3 ,15 ,,,0 ,,0 ,,0 ,,0 ,0 ,,0 ,,0 ,,0 ,,0 ,,1 ,1 ,,0 ,,0 ,0 ,,0 ,,0 ,,0 ,,0 ,,0 ,,0 ,,1 ,,2 ,,2 ,,1 ,,3 ,,0 ,,0 ,,0 ,,,2 ,,,1 ,,2 ,,1 ,,1 
11 ,01 1313,广州市番禺区大石中学,579 ,30 ,160 ,,,1 ,,1 ,,0 ,,0 ,2 ,,2 ,,1 ,,3 ,,1 ,,5 ,2 ,,1 ,,0 ,1 ,,2 ,,1 ,,1 ,,1 ,,1 ,,2 ,,2 ,,22 ,,23 ,,11 ,,17 ,,3 ,,16 ,,11 ,,,12 ,,,9 ,,6 ,,9 ,,21 
12 ,01 1314,广州市番禺区洛浦中学,201 ,10 ,55 ,,,0 ,,3 ,,1 ,,1 ,0 ,,0 ,,0 ,,0 ,,2 ,,1 ,0 ,,0 ,,1 ,1 ,,0 ,,0 ,,0 ,,0 ,,0 ,,0 ,,0 ,,9 ,,6 ,,4 ,,4 ,,2 ,,5 ,,4 ,,,5 ,,,1 ,,3 ,,4 ,,8 
13 ,01 1315,广州市番禺区洛浦沙滘中学,176 ,9 ,49 ,,,0 ,,0 ,,0 ,,0 ,0 ,,0 ,,0 ,,1 ,,2 ,,0 ,1 ,,0 ,,0 ,0 ,,1 ,,0 ,,1 ,,1 ,,2 ,,0 ,,0 ,,3 ,,8 ,,3 ,,8 ,,3 ,,4 ,,2 ,,,5 ,,,3 ,,1 ,,1 ,,8 
14 ,01 1316,广州市番禺区大石富丽中学,260 ,13 ,72 ,,,0 ,,1 ,,2 ,,0 ,0 ,,1 ,,1 ,,0 ,,2 ,,1 ,0 ,,0 ,,0 ,1 ,,0 ,,0 ,,0 ,,0 ,,1 ,,2 ,,1 ,,10 ,,6 ,,8 ,,3 ,,4 ,,5 ,,9 ,,,9 ,,,1 ,,6 ,,3 ,,8 
15 ,01 1317,广州市番禺区洛溪新城中学,349 ,18 ,96 ,,,1 ,,0 ,,0 ,,0 ,2 ,,0 ,,2 ,,3 ,,1 ,,1 ,0 ,,3 ,,0 ,0 ,,2 ,,0 ,,0 ,,2 ,,0 ,,0 ,,1 ,,12 ,,8 ,,5 ,,13 ,,8 ,,7 ,,9 ,,,8 ,,,5 ,,6 ,,3 ,,12 
16 ,01 1318,广州市番禺区南村中学,363 ,19 ,112 ,,,1 ,,1 ,,0 ,,1 ,2 ,,1 ,,2 ,,0 ,,1 ,,2 ,0 ,,1 ,,0 ,1 ,,0 ,,1 ,,0 ,,3 ,,0 ,,0 ,,2 ,,8 ,,22 ,,9 ,,13 ,,3 ,,8 ,,11 ,,,11 ,,,4 ,,7 ,,8 ,,8 
17 ,01 1319,广州市番禺区南村镇侨联中学,230 ,20 ,63 ,,,1 ,,0 ,,0 ,,1 ,1 ,,1 ,,0 ,,3 ,,0 ,,0 ,0 ,,1 ,,8 ,1 ,,0 ,,1 ,,0 ,,1 ,,1 ,,0 ,,0 ,,9 ,,10 ,,3 ,,10 ,,4 ,,2 ,,5 ,,,5 ,,,3 ,,3 ,,4 ,,5 
18 ,01 1320,广东仲元中学,449 ,23 ,124 ,,,0 ,,0 ,,0 ,,0 ,0 ,,0 ,,2 ,,1 ,,1 ,,0 ,2 ,,5 ,,0 ,2 ,,1 ,,3 ,,0 ,,3 ,,1 ,,1 ,,1 ,,12 ,,12 ,,8 ,,10 ,,4 ,,8 ,,16 ,,,15 ,,,5 ,,6 ,,9 ,,19 
19 ,01 1321,广东第二师范学院番禺附属初级中学,279 ,14 ,77 ,,,0 ,,0 ,,1 ,,0 ,0 ,,0 ,,1 ,,0 ,,0 ,,3 ,0 ,,1 ,,0 ,1 ,,2 ,,0 ,,0 ,,0 ,,0 ,,3 ,,2 ,,9 ,,8 ,,8 ,,6 ,,1 ,,5 ,,6 ,,,8 ,,,3 ,,4 ,,6 ,,13 
注:各初中学校分得的名额分配计划已包含面向集团直接分配的名额.                                                                                                                                                      2026_05_12 15:21,,,,,,,,,,,,,,,,,,,,,,,,,,,,,,,,,,,,,,,,,,,,,,,,,,,,,,,,,,,,,,,,,,,,,,,
序号,代码,初中学校,,,名额考生,,,省市名额,,区属名额,,,华附石牌,,华附知识城,省实荔湾,,省实白云,,广雅荔湾,广雅花都,,执信越秀,,执信天河,,"二
中",,六中海珠,六中从化,,六中花都,,侨中,,协和,,广附,"铁
__
越
秀",,"铁
__
番
禺",,"   铁
   _
   白
   云",,广州外国语,,清湾智谷,,清湾智慧城,,仲元,,番中,番实,,象贤,,石碁,洛溪新城,,,禺山,,石北,,石楼,,南村,,大龙,二师番禺附中
20 ,01 1322,广东番禺中学实验学校,,,142 ,,,7 ,,39 ,,,1 ,,0 ,1 ,,0 ,,0 ,0 ,,0 ,,0 ,,0 ,,0 ,0 ,,1 ,,0 ,,0 ,,1 ,1 ,,0 ,,   0 ,,1 ,,0 ,,1 ,,7 ,,6 ,1 ,,6 ,,1 ,0 ,,,2 ,,3 ,,3 ,,4 ,,2 ,4 
21 ,01 1323,广东外语外贸大学番禺实验学校,,,76 ,,,4 ,,21 ,,,0 ,,0 ,0 ,,0 ,,0 ,0 ,,1 ,,0 ,,0 ,,1 ,0 ,,0 ,,0 ,,0 ,,0 ,0 ,,0 ,,   1 ,,0 ,,1 ,,0 ,,4 ,,1 ,0 ,,2 ,,0 ,0 ,,,6 ,,1 ,,1 ,,2 ,,0 ,4 
22 ,01 1324,广州市番禺区化龙中学,,,321 ,,,16 ,,99 ,,,2 ,,0 ,1 ,,1 ,,3 ,1 ,,1 ,,0 ,,1 ,,1 ,1 ,,0 ,,0 ,,2 ,,0 ,2 ,,0 ,,   0 ,,0 ,,0 ,,0 ,,10 ,,11 ,14 ,,15 ,,3 ,3 ,,,7 ,,6 ,,7 ,,5 ,,8 ,10 
23 ,01 1325,广州市番禺区石楼中学,,,227 ,,,12 ,,71 ,,,1 ,,1 ,2 ,,0 ,,1 ,0 ,,1 ,,0 ,,1 ,,0 ,0 ,,0 ,,0 ,,1 ,,1 ,0 ,,0 ,,   1 ,,1 ,,1 ,,0 ,,8 ,,5 ,13 ,,5 ,,6 ,4 ,,,10 ,,5 ,,2 ,,2 ,,5 ,6 
24 ,01 1326,广州市番禺区石楼镇第二中学,,,247 ,,,13 ,,68 ,,,1 ,,1 ,3 ,,0 ,,1 ,1 ,,0 ,,0 ,,2 ,,1 ,0 ,,0 ,,0 ,,0 ,,1 ,1 ,,0 ,,   1 ,,0 ,,0 ,,0 ,,10 ,,11 ,6 ,,3 ,,7 ,2 ,,,10 ,,6 ,,2 ,,2 ,,3 ,6 
25 ,01 1327,广州市番禺区石楼镇海鸥学校,,,228 ,,,12 ,,63 ,,,0 ,,0 ,0 ,,0 ,,1 ,0 ,,0 ,,0 ,,1 ,,1 ,0 ,,2 ,,1 ,,1 ,,3 ,0 ,,1 ,,   0 ,,0 ,,0 ,,1 ,,9 ,,5 ,3 ,,9 ,,8 ,5 ,,,7 ,,3 ,,0 ,,3 ,,2 ,9 
26 ,01 1328,广州市番禺区石碁中学,,,130 ,,,7 ,,40 ,,,1 ,,0 ,2 ,,2 ,,0 ,0 ,,0 ,,2 ,,0 ,,0 ,0 ,,0 ,,0 ,,0 ,,0 ,0 ,,0 ,,   0 ,,0 ,,0 ,,0 ,,1 ,,3 ,8 ,,4 ,,1 ,2 ,,,4 ,,4 ,,2 ,,2 ,,5 ,4 
27 ,01 1329,广州市番禺区育龙中学,,,216 ,,,11 ,,60 ,,,0 ,,0 ,1 ,,0 ,,0 ,2 ,,2 ,,0 ,,0 ,,0 ,0 ,,0 ,,1 ,,0 ,,1 ,1 ,,1 ,,   0 ,,2 ,,0 ,,0 ,,5 ,,8 ,5 ,,12 ,,0 ,2 ,,,7 ,,6 ,,3 ,,2 ,,3 ,7 
28 ,01 1330,广州市番禺区大龙中学,,,350 ,,,18 ,,96 ,,,0 ,,1 ,2 ,,1 ,,1 ,0 ,,1 ,,1 ,,2 ,,0 ,1 ,,0 ,,1 ,,1 ,,2 ,1 ,,1 ,,   1 ,,1 ,,0 ,,0 ,,8 ,,16 ,4 ,,7 ,,4 ,8 ,,,9 ,,13 ,,5 ,,9 ,,2 ,11 
29 ,01 1331,广州市番禺区石楼镇莲花山中学,,,109 ,,,5 ,,30 ,,,0 ,,0 ,0 ,,0 ,,0 ,0 ,,2 ,,0 ,,1 ,,0 ,0 ,,0 ,,0 ,,0 ,,0 ,1 ,,0 ,,   0 ,,1 ,,0 ,,0 ,,3 ,,2 ,7 ,,4 ,,0 ,2 ,,,2 ,,4 ,,1 ,,4 ,,1 ,0 
30 ,01 1332,广大附中番禺实验学校,,,115 ,,,6 ,,32 ,,,0 ,,0 ,2 ,,0 ,,0 ,1 ,,0 ,,0 ,,0 ,,0 ,0 ,,0 ,,0 ,,0 ,,0 ,0 ,,0 ,,   1 ,,0 ,,0 ,,2 ,,3 ,,1 ,2 ,,4 ,,3 ,2 ,,,5 ,,3 ,,0 ,,2 ,,1 ,6 
31 ,01 1333,广州市番禺区沙湾象达中学,,,529 ,,,27 ,,146 ,,,1 ,,1 ,2 ,,2 ,,2 ,0 ,,4 ,,2 ,,2 ,,2 ,0 ,,0 ,,0 ,,0 ,,3 ,0 ,,2 ,,   0 ,,4 ,,0 ,,0 ,,11 ,,16 ,7 ,,25 ,,6 ,11 ,,,20 ,,11 ,,4 ,,11 ,,9 ,15 
32 ,01 1334,广州市番禺区沙湾象骏中学,,,188 ,,,10 ,,52 ,,,1 ,,0 ,0 ,,0 ,,0 ,0 ,,1 ,,2 ,,2 ,,1 ,1 ,,0 ,,0 ,,0 ,,0 ,0 ,,0 ,,   1 ,,1 ,,0 ,,0 ,,2 ,,8 ,2 ,,7 ,,2 ,2 ,,,5 ,,9 ,,2 ,,6 ,,2 ,5 
33 ,01 1335,广州市番禺区金海岸学校,,,49 ,,,2 ,,13 ,,,0 ,,0 ,0 ,,0 ,,0 ,0 ,,0 ,,1 ,,0 ,,0 ,0 ,,0 ,,0 ,,1 ,,0 ,0 ,,0 ,,   0 ,,0 ,,0 ,,0 ,,3 ,,0 ,1 ,,1 ,,0 ,1 ,,,2 ,,1 ,,1 ,,1 ,,0 ,2 
34 ,01 1345,广州市番禺区广铁一中铁英学校,,,883 ,,,46 ,,243 ,,,2 ,,1 ,1 ,,3 ,,2 ,2 ,,2 ,,2 ,,1 ,,3 ,0 ,,0 ,,0 ,,4 ,,6 ,0 ,,3 ,,   5 ,,3 ,,2 ,,4 ,,20 ,,31 ,14 ,,25 ,,17 ,17 ,,,26 ,,30 ,,12 ,,15 ,,11 ,25 
35 ,01 1346,广州市番禺区市桥金山谷学校,,,122 ,,,6 ,,34 ,,,0 ,,1 ,0 ,,2 ,,1 ,0 ,,0 ,,0 ,,1 ,,0 ,0 ,,0 ,,0 ,,0 ,,0 ,0 ,,0 ,,   1 ,,0 ,,0 ,,0 ,,6 ,,1 ,3 ,,3 ,,1 ,5 ,,,3 ,,8 ,,0 ,,1 ,,0 ,3 
36 ,01 1347,广州市番禺区番外外国语学校,,,113 ,,,6 ,,31 ,,,1 ,,1 ,0 ,,0 ,,1 ,0 ,,1 ,,1 ,,0 ,,0 ,0 ,,0 ,,0 ,,0 ,,0 ,0 ,,0 ,,   0 ,,0 ,,0 ,,1 ,,5 ,,4 ,3 ,,3 ,,2 ,2 ,,,3 ,,3 ,,1 ,,1 ,,1 ,3 
37 ,01 1348,广州市番禺区剑桥郡加拿达外国语学校,,,39 ,,,2 ,,11 ,,,0 ,,0 ,0 ,,0 ,,0 ,1 ,,0 ,,0 ,,0 ,,0 ,0 ,,0 ,,0 ,,1 ,,0 ,0 ,,0 ,,   0 ,,0 ,,0 ,,0 ,,1 ,,0 ,1 ,,3 ,,0 ,1 ,,,0 ,,2 ,,0 ,,1 ,,1 ,1 
38 ,01 1349,广州市番禺区南雅学校,,,155 ,,,8 ,,43 ,,,1 ,,0 ,1 ,,0 ,,1 ,1 ,,0 ,,2 ,,0 ,,0 ,0 ,,0 ,,1 ,,0 ,,0 ,0 ,,0 ,,   0 ,,0 ,,0 ,,1 ,,3 ,,5 ,3 ,,6 ,,1 ,2 ,,,3 ,,4 ,,2 ,,3 ,,5 ,6 
39 ,01 1350,广州市番禺区诺德安达学校,,,3 ,,,0 ,,1 ,,,0 ,,0 ,0 ,,0 ,,0 ,0 ,,0 ,,0 ,,0 ,,0 ,0 ,,0 ,,0 ,,0 ,,0 ,0 ,,0 ,,   0 ,,0 ,,0 ,,0 ,,0 ,,1 ,0 ,,0 ,,0 ,0 ,,,0 ,,0 ,,0 ,,0 ,,0 ,0 
注:各初中学校分得的名额分配计划已包含面向集团直接分配的名额.                                                                                                                                                      2026_05_12 15:21,,,,,,,,,,,,,,,,,,,,,,,,,,,,,,,,,,,,,,,,,,,,,,,,,,,,,,,,,,,,,,,,,,,,,,,
序号,代码,初中学校,,,名额考生,,,省市名额,,区属名额,,,华附石牌,,华附知识城,省实荔湾,,省实白云,,广雅荔湾,广雅花都,,执信越秀,,执信天河,,"二
中",,六中海珠,六中从化,,六中花都,,侨中,,协和,,广附,"铁
__
越
秀",,"铁
__
番
禺",,"铁
__
白
云",,广州外国语,,清湾智谷,,清湾智慧城,,仲元,,番中,番实,,象贤,,石碁,洛溪新城,,,禺山,,石北,,石楼,,南村,,大龙,二师番禺附中
40 ,01 1351,广州市番禺区丽江学校,,,121 ,,,6 ,,33 ,,,0 ,,0 ,1 ,,0 ,,0 ,1 ,,0 ,,0 ,,0 ,,1 ,1 ,,0 ,,0 ,,0 ,,0 ,0 ,,0 ,,0 ,,1 ,,1 ,,0 ,,3 ,,4 ,4 ,,4 ,,1 ,1 ,,,3 ,,5 ,,0 ,,3 ,,2 ,3 
41 ,01 1352,广州市番禺区隽新学校,,,53 ,,,3 ,,15 ,,,0 ,,0 ,1 ,,0 ,,0 ,0 ,,0 ,,0 ,,1 ,,0 ,0 ,,1 ,,0 ,,0 ,,0 ,0 ,,0 ,,0 ,,0 ,,0 ,,0 ,,1 ,,1 ,0 ,,2 ,,1 ,2 ,,,2 ,,3 ,,1 ,,0 ,,0 ,2 
42 ,01 1356,广州市番禺区市桥星海中学,,,596 ,,,31 ,,164 ,,,0 ,,2 ,3 ,,2 ,,3 ,3 ,,0 ,,1 ,,4 ,,3 ,1 ,,0 ,,1 ,,1 ,,3 ,0 ,,0 ,,0 ,,2 ,,1 ,,1 ,,15 ,,17 ,6 ,,19 ,,10 ,6 ,,,23 ,,13 ,,9 ,,12 ,,13 ,21 
43 ,01 1357,广州市番禺区石碁第四中学,,,376 ,,,19 ,,117 ,,,1 ,,1 ,2 ,,0 ,,3 ,0 ,,0 ,,2 ,,2 ,,1 ,2 ,,0 ,,0 ,,0 ,,1 ,0 ,,1 ,,0 ,,0 ,,1 ,,2 ,,34 ,,8 ,7 ,,9 ,,4 ,3 ,,,13 ,,10 ,,6 ,,7 ,,3 ,13 
44 ,01 1358,广州市番禺区市桥象圣中学,,,224 ,,,11 ,,62 ,,,0 ,,0 ,0 ,,1 ,,0 ,3 ,,0 ,,0 ,,0 ,,1 ,0 ,,0 ,,1 ,,0 ,,0 ,1 ,,2 ,,1 ,,0 ,,1 ,,0 ,,7 ,,6 ,0 ,,8 ,,0 ,5 ,,,10 ,,8 ,,2 ,,5 ,,5 ,6 
45 ,01 1361,广州市番禺区锦绣香江学校,,,76 ,,,4 ,,21 ,,,0 ,,0 ,0 ,,1 ,,0 ,0 ,,0 ,,0 ,,1 ,,1 ,0 ,,0 ,,0 ,,0 ,,0 ,0 ,,1 ,,0 ,,0 ,,0 ,,0 ,,2 ,,4 ,2 ,,2 ,,1 ,2 ,,,2 ,,2 ,,2 ,,1 ,,1 ,0 
46 ,01 1362,广州市番禺区毓贤学校,,,530 ,,,27 ,,146 ,,,0 ,,2 ,2 ,,3 ,,3 ,0 ,,0 ,,6 ,,2 ,,0 ,1 ,,1 ,,0 ,,0 ,,2 ,4 ,,0 ,,0 ,,0 ,,0 ,,1 ,,16 ,,18 ,9 ,,12 ,,4 ,17 ,,,16 ,,9 ,,8 ,,10 ,,12 ,15 
47 ,01 1363,广州市番禺区市桥桥城中学,,,700 ,,,36 ,,193 ,,,2 ,,1 ,2 ,,0 ,,2 ,2 ,,2 ,,2 ,,0 ,,4 ,2 ,,2 ,,1 ,,2 ,,2 ,1 ,,0 ,,2 ,,5 ,,0 ,,2 ,,19 ,,24 ,19 ,,20 ,,11 ,13 ,,,21 ,,14 ,,10 ,,13 ,,8 ,21 
48 ,01 1364,广州市番禺区市桥桥兴中学,,,664 ,,,34 ,,183 ,,,0 ,,1 ,2 ,,1 ,,1 ,0 ,,1 ,,3 ,,2 ,,4 ,1 ,,3 ,,1 ,,5 ,,4 ,0 ,,0 ,,0 ,,1 ,,1 ,,3 ,,20 ,,21 ,16 ,,21 ,,8 ,12 ,,,25 ,,15 ,,6 ,,2 ,,12 ,25 
49 ,01 1365,广州市铁一中学(番禺校区),,,266 ,,,14 ,,73 ,,,1 ,,0 ,0 ,,1 ,,0 ,0 ,,0 ,,0 ,,2 ,,0 ,0 ,,0 ,,3 ,,2 ,,1 ,0 ,,0 ,,1 ,,1 ,,0 ,,2 ,,7 ,,9 ,1 ,,9 ,,1 ,4 ,,,12 ,,5 ,,4 ,,5 ,,7 ,9 
50 ,01 1366,广州大学附属中学(番禺校区),,,557 ,,,29 ,,154 ,,,1 ,,1 ,2 ,,0 ,,1 ,1 ,,0 ,,1 ,,2 ,,3 ,2 ,,1 ,,3 ,,2 ,,1 ,1 ,,0 ,,2 ,,2 ,,1 ,,2 ,,28 ,,20 ,6 ,,19 ,,10 ,4 ,,,14 ,,8 ,,8 ,,7 ,,13 ,17 
51 ,01 1367,广州市番禺区嘉诚学校,,,2 ,,,1 ,,0 ,,,0 ,,0 ,0 ,,0 ,,0 ,0 ,,0 ,,0 ,,0 ,,0 ,0 ,,1 ,,0 ,,0 ,,0 ,0 ,,0 ,,0 ,,0 ,,0 ,,0 ,,0 ,,0 ,0 ,,0 ,,0 ,0 ,,,0 ,,0 ,,0 ,,0 ,,0 ,0 
52 ,01 1368,广州市番禺区博萃德学校,,,5 ,,,1 ,,1 ,,,0 ,,0 ,0 ,,0 ,,0 ,0 ,,0 ,,0 ,,0 ,,0 ,0 ,,0 ,,0 ,,0 ,,1 ,0 ,,0 ,,0 ,,0 ,,0 ,,0 ,,0 ,,0 ,0 ,,0 ,,0 ,0 ,,,0 ,,0 ,,0 ,,0 ,,0 ,1 
53 ,01 1370,广州市番禺区祈福英语实验学校,,,144 ,,,7 ,,40 ,,,1 ,,0 ,0 ,,0 ,,0 ,0 ,,0 ,,0 ,,0 ,,0 ,0 ,,1 ,,2 ,,1 ,,1 ,0 ,,0 ,,1 ,,0 ,,0 ,,0 ,,4 ,,2 ,2 ,,7 ,,2 ,4 ,,,2 ,,3 ,,3 ,,2 ,,5 ,4 
54 ,01 1371,广州市番禺区祈福新邨学校,,,189 ,,,10 ,,52 ,,,0 ,,0 ,0 ,,1 ,,3 ,1 ,,0 ,,1 ,,2 ,,0 ,0 ,,0 ,,0 ,,0 ,,1 ,0 ,,0 ,,1 ,,0 ,,0 ,,0 ,,3 ,,8 ,3 ,,7 ,,4 ,4 ,,,6 ,,2 ,,3 ,,2 ,,5 ,5 
55 ,01 1373,广州市星执学校,,,283 ,,,14 ,,78 ,,,0 ,,2 ,0 ,,1 ,,1 ,0 ,,1 ,,1 ,,3 ,,0 ,0 ,,0 ,,1 ,,2 ,,0 ,0 ,,0 ,,2 ,,0 ,,0 ,,0 ,,5 ,,7 ,8 ,,14 ,,1 ,8 ,,,7 ,,8 ,,2 ,,2 ,,7 ,9 
56 ,01 1374,广州南方学院番禺附属中学,,,320 ,,,16 ,,88 ,,,0 ,,1 ,2 ,,3 ,,1 ,0 ,,0 ,,1 ,,0 ,,1 ,0 ,,0 ,,0 ,,1 ,,1 ,0 ,,0 ,,1 ,,2 ,,0 ,,2 ,,11 ,,5 ,6 ,,10 ,,4 ,6 ,,,10 ,,6 ,,6 ,,3 ,,7 ,14 
57 ,01 1375,广州市番禺区华南碧桂园学校,,,166 ,,,8 ,,46 ,,,1 ,,0 ,0 ,,0 ,,1 ,0 ,,0 ,,0 ,,1 ,,1 ,0 ,,0 ,,0 ,,2 ,,0 ,0 ,,0 ,,1 ,,1 ,,0 ,,0 ,,7 ,,6 ,1 ,,5 ,,4 ,2 ,,,6 ,,4 ,,2 ,,1 ,,4 ,4 
58 ,01 1376,广州市番禺区明德广地实验学校,,,15 ,,,1 ,,4 ,,,0 ,,0 ,0 ,,0 ,,0 ,0 ,,0 ,,0 ,,0 ,,0 ,0 ,,0 ,,0 ,,0 ,,0 ,0 ,,1 ,,0 ,,0 ,,0 ,,0 ,,0 ,,2 ,0 ,,0 ,,0 ,0 ,,,1 ,,0 ,,0 ,,0 ,,0 ,1 
59 ,01 1377,广州市番禺区新英才中英文学校,,,4 ,,,1 ,,1 ,,,0 ,,0 ,0 ,,0 ,,0 ,0 ,,0 ,,0 ,,0 ,,0 ,0 ,,0 ,,0 ,,0 ,,0 ,0 ,,0 ,,0 ,,1 ,,0 ,,0 ,,0 ,,1 ,0 ,,0 ,,0 ,0 ,,,0 ,,0 ,,0 ,,0 ,,0 ,0 
注:各初中学校分得的名额分配计划已包含面向集团直接分配的名额.                                                                                                                                                      2026_05_12 15:21,,,,,,,,,,,,,,,,,,,,,,,,,,,,,,,,,,,,,,,,,,,,,,,,,,,,,,,,,,,,,,,,,,,,,,,
序号,代码,初中学校,,,,名额考生,,省市名额,,,区属名额,,华附石牌,,华附知识城,省实荔湾,,省实白云,,广雅荔湾,广雅花都,,执信越秀,,执信天河,,"二
中",,六中海珠,六中从化,,六中花都,,侨中,,协和,,广附,"铁
__
越
秀",,"铁
__
番
禺",,"铁
__
白
云",,广州外国语,,清湾智谷,,清湾智慧城,,仲元,,番中,番实,,象贤,,石碁,洛溪新城,,,禺山,,石北,,石楼,,南村,,大龙,二师番禺附中
60 ,01 1378,广州市番禺区天星学校,,,,0 ,,0 ,,,0 ,,0 ,,0 ,0 ,,0 ,,0 ,0 ,,0 ,,0 ,,0 ,,0 ,0 ,,0 ,,0 ,,0 ,,0 ,0 ,,0 ,,0 ,,0 ,,0 ,,0 ,,0 ,,0 ,0 ,,0 ,,0 ,0 ,,,0 ,,0 ,,0 ,,0 ,,0 ,0 
61 ,01 1379,广州市番禺区金华学校,,,,1 ,,1 ,,,0 ,,0 ,,0 ,1 ,,0 ,,0 ,0 ,,0 ,,0 ,,0 ,,0 ,0 ,,0 ,,0 ,,0 ,,0 ,0 ,,0 ,,0 ,,0 ,,0 ,,0 ,,0 ,,0 ,0 ,,0 ,,0 ,0 ,,,0 ,,0 ,,0 ,,0 ,,0 ,0 
62 ,01 1380,广州市番禺区京师奥园南奥实验学校,,,,70 ,,3 ,,,19 ,,0 ,,0 ,1 ,,0 ,,0 ,0 ,,0 ,,0 ,,0 ,,0 ,0 ,,0 ,,0 ,,0 ,,0 ,0 ,,0 ,,1 ,,1 ,,0 ,,0 ,,5 ,,2 ,0 ,,0 ,,1 ,0 ,,,2 ,,2 ,,2 ,,0 ,,2 ,3 
63 ,01 1381,广州市番禺区大石会江实验学校,,,,1 ,,0 ,,,1 ,,0 ,,0 ,0 ,,0 ,,0 ,0 ,,0 ,,0 ,,0 ,,0 ,0 ,,0 ,,0 ,,0 ,,0 ,0 ,,0 ,,0 ,,0 ,,0 ,,0 ,,1 ,,0 ,0 ,,0 ,,0 ,0 ,,,0 ,,0 ,,0 ,,0 ,,0 ,0 
64 ,01 1382,广州市番禺区金海岸实验学校,,,,290 ,,15 ,,,80 ,,0 ,,2 ,0 ,,2 ,,0 ,2 ,,0 ,,0 ,,3 ,,0 ,1 ,,1 ,,0 ,,1 ,,0 ,0 ,,0 ,,0 ,,1 ,,1 ,,1 ,,9 ,,6 ,6 ,,9 ,,3 ,10 ,,,8 ,,11 ,,2 ,,3 ,,6 ,7 
65 ,01 1383,广州市番禺区新英豪中英文学校,,,,14 ,,1 ,,,4 ,,0 ,,0 ,0 ,,0 ,,0 ,0 ,,0 ,,0 ,,0 ,,0 ,0 ,,0 ,,0 ,,0 ,,1 ,0 ,,0 ,,0 ,,0 ,,0 ,,0 ,,0 ,,0 ,0 ,,0 ,,1 ,1 ,,,0 ,,0 ,,0 ,,0 ,,1 ,1 
66 ,01 1384,广州市番禺区新君豪中英文学校,,,,1 ,,1 ,,,0 ,,0 ,,0 ,0 ,,0 ,,0 ,0 ,,0 ,,0 ,,0 ,,0 ,0 ,,1 ,,0 ,,0 ,,0 ,0 ,,0 ,,0 ,,0 ,,0 ,,0 ,,0 ,,0 ,0 ,,0 ,,0 ,0 ,,,0 ,,0 ,,0 ,,0 ,,0 ,0 
67 ,01 1385,广州市番禺区大石大山学校,,,,1 ,,1 ,,,0 ,,0 ,,0 ,0 ,,0 ,,0 ,0 ,,0 ,,0 ,,0 ,,0 ,0 ,,0 ,,0 ,,0 ,,0 ,0 ,,0 ,,0 ,,1 ,,0 ,,0 ,,0 ,,0 ,0 ,,0 ,,0 ,0 ,,,0 ,,0 ,,0 ,,0 ,,0 ,0 
68 ,01 1386,广州市番禺区洛浦厦滘学校,,,,5 ,,1 ,,,1 ,,0 ,,0 ,0 ,,0 ,,0 ,0 ,,0 ,,1 ,,0 ,,0 ,0 ,,0 ,,0 ,,0 ,,0 ,0 ,,0 ,,0 ,,0 ,,0 ,,0 ,,0 ,,0 ,0 ,,0 ,,0 ,0 ,,,1 ,,0 ,,0 ,,0 ,,0 ,0 
69 ,01 1387,广州市番禺区化龙镇大博学校,,,,2 ,,0 ,,,1 ,,0 ,,0 ,0 ,,0 ,,0 ,0 ,,0 ,,0 ,,0 ,,0 ,0 ,,0 ,,0 ,,0 ,,0 ,0 ,,0 ,,0 ,,0 ,,0 ,,0 ,,0 ,,0 ,0 ,,0 ,,0 ,1 ,,,0 ,,0 ,,0 ,,0 ,,0 ,0 
70 ,01 1388,广州市番禺区沙湾华阳学校,,,,0 ,,0 ,,,0 ,,0 ,,0 ,0 ,,0 ,,0 ,0 ,,0 ,,0 ,,0 ,,0 ,0 ,,0 ,,0 ,,0 ,,0 ,0 ,,0 ,,0 ,,0 ,,0 ,,0 ,,0 ,,0 ,0 ,,0 ,,0 ,0 ,,,0 ,,0 ,,0 ,,0 ,,0 ,0 
71 ,01 1389,广州市番禺区鸿翔学校,,,,2 ,,1 ,,,0 ,,0 ,,0 ,0 ,,0 ,,0 ,0 ,,0 ,,0 ,,0 ,,0 ,0 ,,0 ,,0 ,,0 ,,1 ,0 ,,0 ,,0 ,,0 ,,0 ,,0 ,,0 ,,0 ,0 ,,0 ,,0 ,0 ,,,0 ,,0 ,,0 ,,0 ,,0 ,0 
72 ,01 1391,广州市番禺区广博学校,,,,1 ,,1 ,,,0 ,,0 ,,0 ,0 ,,0 ,,0 ,0 ,,0 ,,0 ,,0 ,,0 ,0 ,,1 ,,0 ,,0 ,,0 ,0 ,,0 ,,0 ,,0 ,,0 ,,0 ,,0 ,,0 ,0 ,,0 ,,0 ,0 ,,,0 ,,0 ,,0 ,,0 ,,0 ,0 
73 ,01 1392,广州市番禺区香江实验学校,,,,293 ,,15 ,,,81 ,,1 ,,2 ,1 ,,0 ,,0 ,0 ,,2 ,,2 ,,1 ,,0 ,0 ,,0 ,,0 ,,0 ,,2 ,0 ,,0 ,,0 ,,1 ,,2 ,,1 ,,8 ,,8 ,3 ,,7 ,,0 ,9 ,,,14 ,,9 ,,2 ,,5 ,,8 ,8 
74 ,01 1393,广州市番禺区大岭学校,,,,3 ,,0 ,,,1 ,,0 ,,0 ,0 ,,0 ,,0 ,0 ,,0 ,,0 ,,0 ,,0 ,0 ,,0 ,,0 ,,0 ,,0 ,0 ,,0 ,,0 ,,0 ,,0 ,,0 ,,0 ,,0 ,0 ,,0 ,,0 ,1 ,,,0 ,,0 ,,0 ,,0 ,,0 ,0 
75 ,01 1394,广州市番禺区万翔学校,,,,2 ,,1 ,,,0 ,,0 ,,0 ,0 ,,0 ,,0 ,0 ,,0 ,,0 ,,0 ,,0 ,0 ,,0 ,,0 ,,0 ,,0 ,0 ,,1 ,,0 ,,0 ,,0 ,,0 ,,0 ,,0 ,0 ,,0 ,,0 ,0 ,,,0 ,,0 ,,0 ,,0 ,,0 ,0 
76 ,01 1395,广州市番禺区北新正华学校,,,,69 ,,3 ,,,19 ,,0 ,,0 ,0 ,,1 ,,0 ,0 ,,0 ,,0 ,,1 ,,0 ,0 ,,0 ,,0 ,,0 ,,0 ,0 ,,1 ,,0 ,,0 ,,0 ,,0 ,,1 ,,2 ,0 ,,2 ,,1 ,2 ,,,3 ,,1 ,,4 ,,2 ,,1 ,0 
77 ,01 1396,广州市番禺区恒润实验学校,,,,129 ,,7 ,,,36 ,,2 ,,0 ,1 ,,0 ,,0 ,0 ,,0 ,,0 ,,0 ,,0 ,0 ,,1 ,,0 ,,0 ,,2 ,0 ,,0 ,,0 ,,1 ,,0 ,,0 ,,3 ,,5 ,1 ,,5 ,,0 ,2 ,,,5 ,,2 ,,0 ,,3 ,,6 ,4 
"注:各初中学校分得的名额分配计划已包含面向集团直接分配的名额.                                                                                                                                                      2026_05_12 15:21
第4页 共4页",,,,,,,,,,,,,,,,,,,,,,,,,,,,,,,,,,,,,,,,,,,,,,,,,,,,,,,,,,,,,,,,,,,,,,,
序号,代码,初中学校,,,,名额考生,,,省市名额,,,"区属
名额",,,华附石牌,,,华附知识城,,省实荔湾,,省实白云,,广雅荔湾,,广雅花都,,执信越秀,,执信天河,,"二
中",,六中海珠,,六中从化,,六中花都,,侨中,,协和,,广附,,"铁
__
越
秀",,"铁
__
番
禺",,"铁
__
白
云",,广州外国语,,,清湾智谷,,清湾智慧城,,秀全,,邝维煜本部,,,邝维煜雅正,,,新华中学,,"花
都
__
中",,圆玄
,0114 ,花都区,,,,11223 ,,,599 ,,,2448 ,,,18 ,,,21 ,,35 ,,26 ,,34 ,,35 ,,26 ,,38 ,,48 ,,37 ,,17 ,,24 ,,27 ,,30 ,,39 ,,16 ,,17 ,,29 ,,34 ,,,19 ,,29 ,,405 ,,298 ,,,486 ,,,390 ,,491 ,,378 
1 ,01 1401,广州市花都区秀全中学,,,,542 ,,,28 ,,,112 ,,,0 ,,,1 ,,0 ,,1 ,,3 ,,0 ,,2 ,,2 ,,5 ,,0 ,,1 ,,2 ,,1 ,,1 ,,4 ,,0 ,,1 ,,1 ,,3 ,,,0 ,,0 ,,14 ,,17 ,,,23 ,,,20 ,,22 ,,16 
2 ,01 1402,广州市花都区邝维煜纪念中学,,,,266 ,,,14 ,,,64 ,,,0 ,,,1 ,,1 ,,2 ,,0 ,,1 ,,0 ,,0 ,,1 ,,1 ,,0 ,,2 ,,0 ,,2 ,,0 ,,0 ,,0 ,,1 ,,1 ,,,0 ,,1 ,,6 ,,13 ,,,9 ,,,10 ,,18 ,,8 
3 ,01 1404,广州市花都区实验中学,,,,640 ,,,33 ,,,132 ,,,0 ,,,0 ,,2 ,,1 ,,1 ,,0 ,,5 ,,1 ,,2 ,,2 ,,3 ,,1 ,,0 ,,1 ,,4 ,,1 ,,0 ,,1 ,,3 ,,,1 ,,4 ,,17 ,,16 ,,,26 ,,,19 ,,31 ,,23 
4 ,01 1405,广州市花都区育才学校,,,,76 ,,,4 ,,,19 ,,,0 ,,,1 ,,0 ,,1 ,,0 ,,0 ,,0 ,,0 ,,0 ,,0 ,,0 ,,0 ,,0 ,,0 ,,1 ,,0 ,,0 ,,1 ,,0 ,,,0 ,,0 ,,3 ,,2 ,,,3 ,,,8 ,,1 ,,2 
5 ,01 1406,广州市花都区新华街培新学校,,,,225 ,,,11 ,,,46 ,,,0 ,,,0 ,,1 ,,1 ,,0 ,,0 ,,0 ,,2 ,,0 ,,1 ,,0 ,,0 ,,1 ,,1 ,,1 ,,0 ,,1 ,,0 ,,1 ,,,0 ,,1 ,,5 ,,5 ,,,9 ,,,6 ,,15 ,,6 
6 ,01 1407,广州市花都区新雅街清埔初级中学,,,,466 ,,,24 ,,,112 ,,,0 ,,,1 ,,1 ,,1 ,,2 ,,1 ,,1 ,,4 ,,3 ,,0 ,,0 ,,0 ,,1 ,,2 ,,0 ,,2 ,,0 ,,1 ,,1 ,,,2 ,,1 ,,18 ,,26 ,,,16 ,,,14 ,,21 ,,17 
7 ,01 1408,广州市花都区秀全街九潭初级中学,,,,234 ,,,12 ,,,56 ,,,0 ,,,1 ,,1 ,,1 ,,1 ,,0 ,,1 ,,2 ,,0 ,,1 ,,1 ,,0 ,,0 ,,0 ,,2 ,,0 ,,0 ,,0 ,,0 ,,,1 ,,0 ,,9 ,,6 ,,,12 ,,,12 ,,12 ,,5 
8 ,01 1412,广州市花都区新华街云山学校,,,,518 ,,,27 ,,,107 ,,,4 ,,,2 ,,1 ,,0 ,,2 ,,2 ,,0 ,,1 ,,0 ,,1 ,,1 ,,1 ,,0 ,,2 ,,0 ,,1 ,,0 ,,1 ,,2 ,,,1 ,,5 ,,13 ,,16 ,,,20 ,,,18 ,,22 ,,18 
9 ,01 1413,广州市花都区邝维煜纪念中学附属北兴中学(榴花校区),,,,173 ,,,9 ,,,42 ,,,1 ,,,0 ,,1 ,,1 ,,0 ,,0 ,,0 ,,2 ,,0 ,,1 ,,0 ,,0 ,,0 ,,0 ,,0 ,,0 ,,0 ,,2 ,,0 ,,,1 ,,0 ,,5 ,,12 ,,,10 ,,,6 ,,6 ,,3 
10 ,01 1414,广州市花都区邝维煜纪念中学附属北兴中学(北兴校区),,,,207 ,,,11 ,,,50 ,,,1 ,,,1 ,,0 ,,1 ,,0 ,,0 ,,0 ,,1 ,,2 ,,1 ,,0 ,,0 ,,0 ,,1 ,,0 ,,1 ,,0 ,,0 ,,1 ,,,1 ,,0 ,,13 ,,10 ,,,7 ,,,5 ,,7 ,,8 
11 ,01 1416,广州市花都区花东学校(花东校区),,,,301 ,,,15 ,,,62 ,,,0 ,,,0 ,,2 ,,1 ,,0 ,,0 ,,0 ,,1 ,,2 ,,1 ,,0 ,,1 ,,1 ,,0 ,,3 ,,0 ,,0 ,,1 ,,2 ,,,0 ,,0 ,,10 ,,4 ,,,12 ,,,7 ,,15 ,,14 
12 ,01 1417,广州市花都区邝维煜纪念中学附属大塘中学,,,,178 ,,,9 ,,,43 ,,,0 ,,,1 ,,1 ,,0 ,,0 ,,0 ,,0 ,,1 ,,1 ,,1 ,,0 ,,0 ,,0 ,,1 ,,0 ,,0 ,,1 ,,1 ,,0 ,,,1 ,,0 ,,4 ,,10 ,,,9 ,,,7 ,,5 ,,8 
13 ,01 1418,广州市花都区花东镇迳口初级中学,,,,147 ,,,7 ,,,30 ,,,0 ,,,0 ,,0 ,,0 ,,0 ,,1 ,,0 ,,0 ,,1 ,,0 ,,0 ,,0 ,,0 ,,0 ,,0 ,,0 ,,2 ,,1 ,,0 ,,,1 ,,1 ,,7 ,,4 ,,,4 ,,,3 ,,8 ,,4 
14 ,01 1419,广州市花都区花东学校(联安校区),,,,125 ,,,6 ,,,26 ,,,0 ,,,0 ,,0 ,,0 ,,0 ,,0 ,,0 ,,1 ,,1 ,,2 ,,0 ,,0 ,,0 ,,0 ,,0 ,,0 ,,1 ,,1 ,,0 ,,,0 ,,0 ,,5 ,,1 ,,,7 ,,,2 ,,7 ,,4 
15 ,01 1420,广州市花都区花山镇花山初级中学,,,,444 ,,,23 ,,,92 ,,,1 ,,,1 ,,0 ,,4 ,,2 ,,1 ,,2 ,,1 ,,2 ,,0 ,,0 ,,1 ,,3 ,,2 ,,0 ,,0 ,,0 ,,1 ,,1 ,,,0 ,,1 ,,10 ,,7 ,,,18 ,,,15 ,,26 ,,16 
16 ,01 1423,广州市花都区花山镇华侨初级中学,,,,303 ,,,25 ,,,63 ,,,0 ,,,0 ,,1 ,,0 ,,2 ,,0 ,,1 ,,0 ,,1 ,,1 ,,0 ,,3 ,,10 ,,0 ,,2 ,,1 ,,1 ,,1 ,,0 ,,,0 ,,1 ,,12 ,,4 ,,,13 ,,,10 ,,12 ,,12 
17 ,01 1424,广州市花都区梯面镇梯面初级中学,,,,72 ,,,4 ,,,15 ,,,0 ,,,0 ,,0 ,,0 ,,0 ,,0 ,,1 ,,0 ,,0 ,,1 ,,0 ,,0 ,,1 ,,0 ,,1 ,,0 ,,0 ,,0 ,,0 ,,,0 ,,0 ,,1 ,,3 ,,,3 ,,,1 ,,3 ,,4 
18 ,01 1425,广州市花都区狮岭镇芙蓉初级中学,,,,90 ,,,5 ,,,19 ,,,1 ,,,0 ,,0 ,,0 ,,0 ,,1 ,,0 ,,0 ,,0 ,,0 ,,0 ,,0 ,,0 ,,0 ,,2 ,,0 ,,0 ,,1 ,,0 ,,,0 ,,0 ,,2 ,,1 ,,,8 ,,,1 ,,5 ,,2 
19 ,01 1426,广州市花都区狮岭中学,,,,238 ,,,12 ,,,57 ,,,1 ,,,0 ,,0 ,,0 ,,0 ,,3 ,,1 ,,0 ,,0 ,,0 ,,1 ,,0 ,,2 ,,0 ,,0 ,,0 ,,0 ,,2 ,,0 ,,,1 ,,1 ,,9 ,,5 ,,,5 ,,,19 ,,10 ,,9 
注:各初中学校分得的名额分配计划已包含面向集团直接分配的名额.                                                                                                                                                      2026_05_12 15:21,,,,,,,,,,,,,,,,,,,,,,,,,,,,,,,,,,,,,,,,,,,,,,,,,,,,,,,,,,,,,,,,,,,,,,,
序号,代码,初中学校,,,,名额考生,,省市名额,,,区属名额,,,华附石牌,华附知识城,,,省实荔湾,,省实白云,,广雅荔湾,,,广雅花都,,执信越秀,,执信天河,,"二
中",,六中海珠,,六中从化,,,六中花都,,侨中,,协和,,广附,,"铁
__
越
秀",,"铁
__
番
禺",,"铁
__
白
云",,广州外国语,,,清湾智谷,,清湾智慧城,,秀全,,邝维煜本部,,,,邝维煜雅正,,新华中学,,"花
都
__
中",,圆玄
20 ,01 1427,广州市花都区狮岭镇狮峰初级中学,,,,385 ,,20 ,,,93 ,,,0 ,0 ,,,0 ,,0 ,,1 ,,,3 ,,0 ,,4 ,,1 ,,1 ,,1 ,,,0 ,,1 ,,1 ,,2 ,,1 ,,0 ,,1 ,,3 ,,,0 ,,0 ,,22 ,,7 ,,,,20 ,,16 ,,17 ,,11 
21 ,01 1428,广州市花都区花城街长岗初级中学,,,,251 ,,13 ,,,60 ,,,1 ,2 ,,,0 ,,0 ,,1 ,,,1 ,,2 ,,0 ,,1 ,,2 ,,0 ,,,1 ,,0 ,,1 ,,0 ,,0 ,,0 ,,0 ,,1 ,,,0 ,,0 ,,13 ,,8 ,,,,7 ,,11 ,,10 ,,11 
22 ,01 1429,广州市花都区狮岭镇冯村初级中学,,,,96 ,,5 ,,,20 ,,,1 ,0 ,,,0 ,,0 ,,0 ,,,0 ,,0 ,,0 ,,1 ,,0 ,,1 ,,,0 ,,0 ,,0 ,,0 ,,0 ,,0 ,,0 ,,2 ,,,0 ,,0 ,,6 ,,2 ,,,,4 ,,2 ,,5 ,,1 
23 ,01 1430,广州市花都区秀全中学附属赤坭中学(巴江校区),,,,148 ,,7 ,,,36 ,,,0 ,0 ,,,1 ,,1 ,,0 ,,,0 ,,0 ,,0 ,,1 ,,0 ,,1 ,,,1 ,,0 ,,0 ,,1 ,,0 ,,0 ,,0 ,,1 ,,,0 ,,0 ,,10 ,,3 ,,,,6 ,,6 ,,8 ,,3 
24 ,01 1432,广州市花都区秀全中学附属赤坭中学(三和庄校区),,,,85 ,,4 ,,,21 ,,,0 ,0 ,,,0 ,,0 ,,0 ,,,0 ,,0 ,,0 ,,1 ,,1 ,,1 ,,,0 ,,0 ,,0 ,,0 ,,0 ,,1 ,,0 ,,0 ,,,0 ,,0 ,,7 ,,1 ,,,,2 ,,6 ,,3 ,,2 
25 ,01 1433,广州市花都区炭步镇炭步初级中学,,,,132 ,,7 ,,,31 ,,,0 ,2 ,,,0 ,,0 ,,0 ,,,0 ,,0 ,,1 ,,0 ,,1 ,,0 ,,,0 ,,0 ,,0 ,,0 ,,1 ,,0 ,,1 ,,0 ,,,0 ,,1 ,,2 ,,3 ,,,,6 ,,8 ,,4 ,,8 
26 ,01 1434,广州市花都区炭步镇第二初级中学,,,,172 ,,9 ,,,42 ,,,0 ,0 ,,,0 ,,1 ,,0 ,,,0 ,,0 ,,1 ,,2 ,,2 ,,0 ,,,0 ,,1 ,,0 ,,0 ,,0 ,,1 ,,1 ,,0 ,,,0 ,,0 ,,7 ,,7 ,,,,5 ,,13 ,,5 ,,5 
27 ,01 1437,广州市花都区雅瑶中学,,,,291 ,,25 ,,,60 ,,,0 ,0 ,,,2 ,,0 ,,1 ,,,11 ,,1 ,,0 ,,1 ,,1 ,,0 ,,,0 ,,1 ,,0 ,,2 ,,1 ,,0 ,,0 ,,2 ,,,0 ,,2 ,,12 ,,2 ,,,,22 ,,5 ,,2 ,,17 
28 ,01 1438,广州市花都区圆玄中学,,,,232 ,,12 ,,,56 ,,,0 ,0 ,,,1 ,,0 ,,2 ,,,0 ,,1 ,,3 ,,2 ,,0 ,,0 ,,,0 ,,0 ,,1 ,,1 ,,0 ,,0 ,,0 ,,0 ,,,1 ,,0 ,,8 ,,11 ,,,,15 ,,3 ,,11 ,,8 
29 ,01 1439,广州市花都区秀全外国语学校,,,,675 ,,35 ,,,139 ,,,2 ,1 ,,,9 ,,0 ,,2 ,,,2 ,,2 ,,2 ,,3 ,,2 ,,0 ,,,0 ,,0 ,,1 ,,2 ,,1 ,,1 ,,2 ,,2 ,,,1 ,,0 ,,21 ,,10 ,,,,36 ,,21 ,,29 ,,22 
30 ,01 1440,广州市花都区秀雅学校,,,,390 ,,20 ,,,94 ,,,0 ,0 ,,,1 ,,4 ,,1 ,,,0 ,,2 ,,1 ,,2 ,,0 ,,0 ,,,1 ,,1 ,,2 ,,1 ,,1 ,,1 ,,1 ,,0 ,,,1 ,,0 ,,28 ,,13 ,,,,15 ,,15 ,,13 ,,10 
31 ,01 1441,广东外语外贸大学空港学校,,,,275 ,,14 ,,,57 ,,,0 ,1 ,,,0 ,,0 ,,1 ,,,0 ,,0 ,,0 ,,1 ,,0 ,,0 ,,,2 ,,0 ,,3 ,,2 ,,0 ,,1 ,,0 ,,0 ,,,1 ,,2 ,,8 ,,6 ,,,,9 ,,6 ,,15 ,,13 
32 ,01 1442,广州市花都区新雅街镜湖学校,,,,70 ,,3 ,,,14 ,,,0 ,0 ,,,1 ,,1 ,,0 ,,,0 ,,0 ,,1 ,,0 ,,0 ,,0 ,,,0 ,,0 ,,0 ,,0 ,,0 ,,0 ,,0 ,,0 ,,,0 ,,0 ,,2 ,,3 ,,,,5 ,,2 ,,2 ,,0 
33 ,01 1444,华南师范大学附属花都学校,,,,320 ,,16 ,,,66 ,,,1 ,0 ,,,1 ,,1 ,,1 ,,,1 ,,0 ,,0 ,,0 ,,2 ,,1 ,,,1 ,,0 ,,0 ,,1 ,,1 ,,0 ,,2 ,,1 ,,,1 ,,1 ,,15 ,,6 ,,,,14 ,,10 ,,13 ,,8 
34 ,01 1445,广州市花都区邝维煜纪念中学附属雅正学校,,,,222 ,,11 ,,,53 ,,,1 ,0 ,,,0 ,,1 ,,2 ,,,0 ,,0 ,,1 ,,2 ,,0 ,,0 ,,,1 ,,0 ,,0 ,,1 ,,1 ,,0 ,,0 ,,0 ,,,0 ,,1 ,,5 ,,9 ,,,,8 ,,9 ,,12 ,,10 
35 ,01 1446,广东广雅中学(花都校区),,,,454 ,,23 ,,,94 ,,,0 ,2 ,,,1 ,,1 ,,2 ,,,1 ,,0 ,,2 ,,1 ,,0 ,,1 ,,,1 ,,0 ,,4 ,,0 ,,1 ,,3 ,,1 ,,1 ,,,0 ,,1 ,,25 ,,5 ,,,,17 ,,13 ,,21 ,,13 
36 ,01 1447,广大附中花都学校,,,,340 ,,17 ,,,70 ,,,1 ,0 ,,,2 ,,0 ,,0 ,,,0 ,,1 ,,2 ,,1 ,,3 ,,2 ,,,0 ,,1 ,,1 ,,1 ,,1 ,,0 ,,1 ,,0 ,,,0 ,,0 ,,7 ,,6 ,,,,11 ,,13 ,,18 ,,15 
37 ,01 1452,广州市花都区颐和学校,,,,41 ,,2 ,,,8 ,,,0 ,0 ,,,0 ,,0 ,,0 ,,,0 ,,0 ,,0 ,,0 ,,0 ,,0 ,,,0 ,,0 ,,0 ,,0 ,,0 ,,0 ,,1 ,,0 ,,,0 ,,1 ,,0 ,,1 ,,,,5 ,,0 ,,1 ,,1 
38 ,01 1453,广州市花都区华万学校,,,,183 ,,9 ,,,38 ,,,0 ,1 ,,,1 ,,1 ,,1 ,,,0 ,,0 ,,0 ,,1 ,,1 ,,0 ,,,0 ,,0 ,,0 ,,1 ,,0 ,,0 ,,0 ,,1 ,,,0 ,,1 ,,11 ,,3 ,,,,9 ,,6 ,,5 ,,4 
39 ,01 1454,广州市花都区花广金狮学校,,,,171 ,,9 ,,,35 ,,,1 ,0 ,,,0 ,,0 ,,1 ,,,1 ,,1 ,,0 ,,0 ,,3 ,,0 ,,,0 ,,0 ,,1 ,,0 ,,0 ,,0 ,,0 ,,1 ,,,0 ,,0 ,,3 ,,2 ,,,,10 ,,5 ,,6 ,,9 
注:各初中学校分得的名额分配计划已包含面向集团直接分配的名额.                                                                                                                                                      2026_05_12 15:21,,,,,,,,,,,,,,,,,,,,,,,,,,,,,,,,,,,,,,,,,,,,,,,,,,,,,,,,,,,,,,,,,,,,,,,
序号,代码,初中学校,,,,名额考生,,省市名额,,,区属名额,,,华附石牌,华附知识城,,,省实荔湾,,省实白云,,广雅荔湾,,,广雅花都,,执信越秀,,执信天河,,"二
中",,六中海珠,,六中从化,,,六中花都,,侨中,,协和,,广附,,"铁
__
越
秀",,"铁
__
番
禺",,"铁
__
白
云",,广州外国语,,,清湾智谷,,清湾智慧城,,秀全,,邝维煜本部,,,,邝维煜雅正,,新华中学,,"花
都
__
中",,圆玄
40 ,01 1455,广州市花都区花执灵格风学校,,,,113 ,,6 ,,,23 ,,,0 ,1 ,,,0 ,,0 ,,1 ,,,1 ,,1 ,,0 ,,0 ,,0 ,,0 ,,,0 ,,0 ,,0 ,,0 ,,1 ,,0 ,,0 ,,0 ,,,1 ,,0 ,,2 ,,1 ,,,,7 ,,4 ,,6 ,,3 
41 ,01 1456,广州市花都区翰林学校,,,,11 ,,1 ,,,2 ,,,0 ,0 ,,,0 ,,0 ,,0 ,,,0 ,,0 ,,0 ,,0 ,,0 ,,0 ,,,0 ,,0 ,,0 ,,0 ,,0 ,,0 ,,0 ,,0 ,,,1 ,,0 ,,0 ,,0 ,,,,1 ,,1 ,,0 ,,0 
42 ,01 1457,广州市花都区花广学校,,,,258 ,,13 ,,,53 ,,,0 ,0 ,,,0 ,,0 ,,0 ,,,1 ,,1 ,,1 ,,3 ,,2 ,,0 ,,,0 ,,0 ,,2 ,,1 ,,0 ,,1 ,,0 ,,1 ,,,0 ,,0 ,,7 ,,9 ,,,,13 ,,6 ,,9 ,,9 
43 ,01 1460,广州市花都区哈博学校,,,,6 ,,1 ,,,1 ,,,0 ,0 ,,,0 ,,0 ,,0 ,,,0 ,,0 ,,0 ,,0 ,,0 ,,0 ,,,1 ,,0 ,,0 ,,0 ,,0 ,,0 ,,0 ,,0 ,,,0 ,,0 ,,0 ,,0 ,,,,0 ,,1 ,,0 ,,0 
44 ,01 1461,广州市花都区博雅学校,,,,3 ,,1 ,,,0 ,,,0 ,0 ,,,0 ,,0 ,,0 ,,,0 ,,0 ,,0 ,,0 ,,0 ,,0 ,,,0 ,,0 ,,0 ,,1 ,,0 ,,0 ,,0 ,,0 ,,,0 ,,0 ,,0 ,,0 ,,,,0 ,,0 ,,0 ,,0 
45 ,01 1473,广州市花都区新蓝天学校,,,,4 ,,0 ,,,1 ,,,0 ,0 ,,,0 ,,0 ,,0 ,,,0 ,,0 ,,0 ,,0 ,,0 ,,0 ,,,0 ,,0 ,,0 ,,0 ,,0 ,,0 ,,0 ,,0 ,,,0 ,,0 ,,0 ,,0 ,,,,0 ,,0 ,,1 ,,0 
46 ,01 1475,广州市花都区志才学校,,,,0 ,,0 ,,,0 ,,,0 ,0 ,,,0 ,,0 ,,0 ,,,0 ,,0 ,,0 ,,0 ,,0 ,,0 ,,,0 ,,0 ,,0 ,,0 ,,0 ,,0 ,,0 ,,0 ,,,0 ,,0 ,,0 ,,0 ,,,,0 ,,0 ,,0 ,,0 
47 ,01 1478,广州市花都区花广新晖学校,,,,6 ,,1 ,,,1 ,,,0 ,0 ,,,0 ,,0 ,,0 ,,,0 ,,0 ,,0 ,,0 ,,0 ,,0 ,,,0 ,,0 ,,0 ,,1 ,,0 ,,0 ,,0 ,,0 ,,,0 ,,0 ,,0 ,,1 ,,,,0 ,,0 ,,0 ,,0 
48 ,01 1480,广州市花都区凤凰学校,,,,19 ,,1 ,,,4 ,,,0 ,0 ,,,0 ,,0 ,,0 ,,,0 ,,0 ,,0 ,,0 ,,0 ,,0 ,,,0 ,,1 ,,0 ,,0 ,,0 ,,0 ,,0 ,,0 ,,,0 ,,0 ,,1 ,,0 ,,,,1 ,,0 ,,0 ,,2 
49 ,01 1483,广州市花都区新星学校,,,,5 ,,1 ,,,1 ,,,0 ,1 ,,,0 ,,0 ,,0 ,,,0 ,,0 ,,0 ,,0 ,,0 ,,0 ,,,0 ,,0 ,,0 ,,0 ,,0 ,,0 ,,0 ,,0 ,,,0 ,,0 ,,1 ,,0 ,,,,0 ,,0 ,,0 ,,0 
50 ,01 1484,广州市花都区阳光学校,,,,7 ,,1 ,,,1 ,,,0 ,0 ,,,0 ,,0 ,,0 ,,,0 ,,0 ,,0 ,,0 ,,1 ,,0 ,,,0 ,,0 ,,0 ,,0 ,,0 ,,0 ,,0 ,,0 ,,,0 ,,0 ,,0 ,,0 ,,,,0 ,,0 ,,1 ,,0 
51 ,01 1485,广州市花都区华晨学校,,,,14 ,,1 ,,,3 ,,,0 ,0 ,,,0 ,,0 ,,1 ,,,0 ,,0 ,,0 ,,0 ,,0 ,,0 ,,,0 ,,0 ,,0 ,,0 ,,0 ,,0 ,,0 ,,0 ,,,0 ,,0 ,,2 ,,0 ,,,,1 ,,0 ,,0 ,,0 
52 ,01 1491,广州市花都区新徽弘儒学校,,,,1 ,,0 ,,,1 ,,,0 ,0 ,,,0 ,,0 ,,0 ,,,0 ,,0 ,,0 ,,0 ,,0 ,,0 ,,,0 ,,0 ,,0 ,,0 ,,0 ,,0 ,,0 ,,0 ,,,0 ,,0 ,,0 ,,0 ,,,,0 ,,0 ,,1 ,,0 
53 ,01 1495,广州市花都区金砖学校,,,,1 ,,1 ,,,0 ,,,0 ,0 ,,,0 ,,0 ,,0 ,,,0 ,,0 ,,0 ,,1 ,,0 ,,0 ,,,0 ,,0 ,,0 ,,0 ,,0 ,,0 ,,0 ,,0 ,,,0 ,,0 ,,0 ,,0 ,,,,0 ,,0 ,,0 ,,0 
54 ,01 1496,广州市黄广中学,,,,597 ,,31 ,,,123 ,,,1 ,0 ,,,3 ,,0 ,,3 ,,,3 ,,0 ,,0 ,,2 ,,1 ,,2 ,,,4 ,,1 ,,0 ,,1 ,,0 ,,1 ,,1 ,,3 ,,,2 ,,3 ,,17 ,,17 ,,,,23 ,,25 ,,27 ,,14 
,O1 15,南沙区,,,,7O17,,,362 ,,,1419 ,,,11 ,,,13 ,,22 ,,16 ,,21 ,,16 ,,16 ,,24 ,,3O,,23 ,,11 ,,15 ,,    11 ,,    19 ,,24 ,,    1O,,    11 ,,    18 ,,      21 ,,,12 ,,18 ,,264 ,,26O,,,17O,,,275 ,,25O,,2OO
1 ,O1 15O1,广州市南沙第一中学,,,,546 ,,,28 ,,,1O7,,,O,,,2 ,,4 ,,1 ,,2 ,,1 ,,O,,O,,3 ,,4 ,,O,,2 ,,   1 ,,   1 ,,2 ,,   1 ,,   O,,   O,,    3 ,,,O,,1 ,,16 ,,25 ,,,9 ,,,21 ,,24 ,,12 
2 ,O1 15O3,广州市南沙黄阁中学,,,,138 ,,,7 ,,,32 ,,,O,,,O,,2 ,,O,,1 ,,1 ,,1 ,,1 ,,O,,O,,O,,O,,   O,,   1 ,,O,,   O,,   O,,   O,,    O,,,O,,O,,1O,,2 ,,,3 ,,,7 ,,5 ,,5 
3 ,O1 15O4,广州市南沙横沥中学,,,,123 ,,,6 ,,,24 ,,,O,,,O,,O,,1 ,,O,,1 ,,O,,O,,1 ,,O,,O,,1 ,,   1 ,,   O,,O,,   O,,   O,,   O,,    1 ,,,O,,O,,3 ,,4 ,,,2 ,,,5 ,,5 ,,5 
4 ,O1 15O5,广州市南沙万顷沙中学,,,,134 ,,,7 ,,,26 ,,,2 ,,,O,,O,,1 ,,O,,O,,O,,O,,O,,1 ,,O,,O,,   1 ,,   O,,O,,   O,,   O,,   1 ,,    O,,,O,,1 ,,3 ,,2 ,,,3 ,,,8 ,,4 ,,6 
5 ,O1 15O7,广州市南沙区新垦学校,,,,94 ,,,5 ,,,21 ,,,1 ,,,O,,O,,O,,1 ,,O,,1 ,,O,,O,,1 ,,O,,O,,   1 ,,   O,,O,,   O,,   O,,   O,,    O,,,O,,O,,6 ,,3 ,,,3 ,,,4 ,,3 ,,2 
6 ,O1 15O8,广东第二师范学院附属南沙珠江学校,,,,183 ,,,9 ,,,36 ,,,O,,,O,,O,,O,,1 ,,O,,O,,O,,1 ,,O,,O,,2 ,,   O,,   1 ,,O,,   1 ,,   1 ,,   O,,    1 ,,,1 ,,O,,7 ,,9 ,,,4 ,,,6 ,,6 ,,4 
7 ,O1 15O9,广州市南沙区维港青藤中学,,,,25 ,,,1 ,,,5 ,,,O,,,O,,O,,O,,O,,O,,O,,O,,O,,O,,O,,O,,   O,,   O,,O,,   1 ,,   O,,   O,,    O,,,O,,O,,2 ,,2 ,,,O,,,O,,1 ,,O
8 ,O1 151 1,广州市南沙区新徽学校,,,,3 ,,,1 ,,,O,,,O,,,O,,O,,O,,O,,O,,O,,O,,O,,O,,O,,O,,   O,,   O,,O,,   O,,   O,,   O,,    1 ,,,O,,O,,O,,O,,,O,,,O,,O,,O
9 ,O1 1512,广州外国语学校,,,,484 ,,,25 ,,,95 ,,,O,,,1 ,,1 ,,O,,3 ,,O,,2 ,,3 ,,1 ,,3 ,,2 ,,O,,   1 ,,   2 ,,2 ,,   O,,   1 ,,   1 ,,    1 ,,,O,,1 ,,13 ,,22 ,,,13 ,,,15 ,,21 ,,11 
1O,O1 1513,广州市南沙东涌中学,,,,417 ,,,22 ,,,96 ,,,1 ,,,O,,O,,O,,1 ,,O,,O,,3 ,,1 ,,O,,O,,1 ,,   2 ,,   1 ,,4 ,,   1 ,,   2 ,,   1 ,,    1 ,,,2 ,,1 ,,16 ,,19 ,,,11 ,,,23 ,,16 ,,11 
11 ,O1 1514,广州市南沙鱼窝头中学,,,,213 ,,,11 ,,,49 ,,,O,,,1 ,,O,,1 ,,O,,2 ,,O,,1 ,,O,,1 ,,O,,O,,   O,,   O,,1 ,,   O,,   1 ,,   1 ,,    1 ,,,O,,1 ,,7 ,,16 ,,,4 ,,,4 ,,9 ,,9 
12 ,O1 1515,广州市南沙鱼窝头第二中学,,,,162 ,,,8 ,,,37 ,,,O,,,O,,O,,O,,O,,1 ,,O,,1 ,,2 ,,1 ,,O,,O,,   O,,   1 ,,1 ,,   O,,   O,,   1 ,,    O,,,O,,O,,8 ,,8 ,,,6 ,,,5 ,,3 ,,7 
13 ,O1 1516,广州市南沙大岗中学,,,,1O6,,,5 ,,,21 ,,,O,,,O,,O,,O,,O,,O,,O,,O,,1 ,,O,,O,,1 ,,   O,,   1 ,,2 ,,   O,,   O,,   O,,    O,,,O,,O,,6 ,,5 ,,,2 ,,,3 ,,1 ,,4 
14 ,O1 1517,广州市南沙潭山中学,,,,272 ,,,14 ,,,53 ,,,O,,,O,,3 ,,2 ,,O,,1 ,,O,,O,,1 ,,O,,1 ,,O,,   1 ,,   1 ,,O,,   O,,   1 ,,   O,,    1 ,,,1 ,,1 ,,11 ,,13 ,,,12 ,,,7 ,,6 ,,4 
15 ,O1 1518,广州市南沙灵山中学,,,,234 ,,,12 ,,,46 ,,,O,,,1 ,,O,,O,,O,,1 ,,O,,3 ,,O,,2 ,,O,,O,,   O,,   1 ,,1 ,,   1 ,,   1 ,,   1 ,,    O,,,O,,O,,8 ,,8 ,,,5 ,,,11 ,,9 ,,5 
16 ,O1 1519,广州市南沙榄核中学,,,,39O,,,2O,,,76 ,,,O,,,O,,2 ,,2 ,,O,,O,,O,,1 ,,1 ,,3 ,,2 ,,2 ,,   O,,   O,,2 ,,   1 ,,   1 ,,   2 ,,    O,,,O,,1 ,,12 ,,17 ,,,12 ,,,15 ,,12 ,,8 
17 ,O1 152O,广州市南沙榄核第二中学,,,,2O1,,,1O,,,39 ,,,O,,,1 ,,O,,O,,1 ,,1 ,,O,,O,,1 ,,O,,1 ,,O,,   O,,   O,,O,,   1 ,,   O,,   1 ,,    2 ,,,O,,1 ,,3 ,,9 ,,,4 ,,,5 ,,9 ,,9 
18 ,O1 1524,广州市南沙区朝阳学校,,,,291 ,,,15 ,,,57 ,,,O,,,1 ,,2 ,,O,,O,,O,,1 ,,1 ,,2 ,,2 ,,1 ,,2 ,,   O,,   1 ,,O,,   O,,   O,,   1 ,,    O,,,O,,1 ,,8 ,,11 ,,,6 ,,,8 ,,11 ,,13 
19 ,O1 1525,华南师范大学附属南沙中学,,,,355 ,,,18 ,,,7O,,,1 ,,,O,,1 ,,1 ,,O,,1 ,,2 ,,1 ,,1 ,,2 ,,O,,O,,   O,,   2 ,,O,,   O,,   O,,   3 ,,    O,,,2 ,,1 ,,18 ,,7 ,,,8 ,,,17 ,,8 ,,12 
,,,,,,,,,,,,,,,,,,,,,,,,,,,,,,,,,,,,,,,,,,,,,,,,,,,,,,,,,,,,,,,,,,,,,,,
注:各初中学校分得的名额分配计划已包含面向集团直接分配的名额.                                                                                                                                                      2O26_O5_12 15:21,,,,,,,,,,,,,,,,,,,,,,,,,,,,,,,,,,,,,,,,,,,,,,,,,,,,,,,,,,,,,,,,,,,,,,,
序号,代码,初中学校,,,,名额考生,,省市名额,,,区属名额,,,华附石牌,,"华附
知识
城",,省实荔湾,,,省实白云,,广雅荔湾,,广雅花都,,,执信越秀,,执信天河,,"二
中",,六中海珠,,六中从化,,,六中花都,,侨中,,协和,,广附,,"铁
__
越
秀",,"铁
__
番
禺",,"铁
__
白
云",,广州外国语,,,清湾智谷,,清湾智慧城,,"南
沙
__
中",,,东涌,,,大岗,南沙华附,,二中天元,,南沙广附
2O,O1 1526,广州市南沙区芦湾新徽学校,,,,4 ,,1 ,,,O,,,O,,O,,O,,,O,,O,,O,,,O,,O,,O,,O,,O,,,O,,O,,O,,O,,O,,O,,O,,O,,,1 ,,O,,O,,,O,,,O,O,,O,,O
21 ,O1 1527,广州市南沙麒麟中学,,,,84 ,,4 ,,,19 ,,,O,,O,,O,,,O,,O,,O,,,1 ,,1 ,,O,,O,,O,,,O,,O,,O,,O,,O,,O,,1 ,,O,,,1 ,,O,,5 ,,,5 ,,,1 ,3 ,,2 ,,3 
22 ,O1 1528,广州外国语学校附属学校,,,,232 ,,12 ,,,45 ,,,1 ,,1 ,,O,,,O,,O,,O,,,O,,2 ,,O,,O,,1 ,,,O,,O,,O,,2 ,,1 ,,1 ,,1 ,,1 ,,,O,,1 ,,8 ,,,8 ,,,7 ,9 ,,8 ,,5 
23 ,O1 1529,广州市第二中学南沙天元学校,,,,472 ,,24 ,,,92 ,,,O,,1 ,,1 ,,,1 ,,4 ,,1 ,,,O,,O,,3 ,,O,,1 ,,,1 ,,1 ,,2 ,,3 ,,O,,1 ,,O,,1 ,,,1 ,,2 ,,14 ,,,14 ,,,13 ,19 ,,18 ,,14 
24 ,O1 153O,广州大学附属中学南沙实验学校,,,,514 ,,27 ,,,1O1,,,2 ,,2 ,,1 ,,,1 ,,4 ,,1 ,,,3 ,,2 ,,1 ,,1 ,,O,,,1 ,,O,,O,,2 ,,1 ,,O,,O,,2 ,,,2 ,,1 ,,21 ,,,15 ,,,11 ,22 ,,17 ,,15 
25 ,O1 1531,广州市南沙区湾区实验学校,,,,349 ,,18 ,,,68 ,,,1 ,,1 ,,1 ,,,3 ,,O,,O,,,O,,1 ,,1 ,,2 ,,2 ,,,O,,1 ,,2 ,,2 ,,O,,O,,O,,O,,,1 ,,O,,16 ,,,9 ,,,1O,16 ,,13 ,,4 
26 ,O1 1533,广州市执信中学南沙学校,,,,249 ,,13 ,,,49 ,,,1 ,,O,,2 ,,,O,,2 ,,1 ,,,1 ,,O,,O,,O,,O,,,1 ,,O,,1 ,,O,,1 ,,O,,1 ,,1 ,,,O,,1 ,,13 ,,,3 ,,,5 ,7 ,,11 ,,1O
27 ,O1 1534,广州市南沙区滨海实验学校,,,,325 ,,17 ,,,64 ,,,O,,O,,1 ,,,O,,O,,2 ,,,2 ,,O,,6 ,,O,,O,,,O,,O,,O,,O,,O,,1 ,,1 ,,3 ,,,O,,1 ,,12 ,,,9 ,,,9 ,12 ,,15 ,,7 
28 ,O1 1535,广州市南外实验学校,,,,148 ,,8 ,,,29 ,,,O,,O,,O,,,2 ,,O,,O,,,2 ,,1 ,,1 ,,O,,O,,,O,,O,,1 ,,O,,O,,O,,O,,O,,,O,,1 ,,6 ,,,7 ,,,4 ,5 ,,3 ,,4 
29 ,O1 1536,广州市南沙区金沙学校,,,,269 ,,14 ,,,62 ,,,1 ,,1 ,,1 ,,,O,,1 ,,1 ,,,O,,2 ,,2 ,,O,,O,,,1 ,,1 ,,O,,O,,O,,O,,1 ,,1 ,,,O,,1 ,,12 ,,,8 ,,,3 ,18 ,,1O,,11 
"注:各初中学校分得的名额分配计划已包含面向集团直接分配的名额                                                                                                                                                        2O26_O5_12 15:21
第2页 共2页",,,,,,,,,,,,,,,,,,,,,,,,,,,,,,,,,,,,,,,,,,,,,,,,,,,,,,,,,,,,,,,,,,,,,,,
序号,代码,初中学校,,,,"名额
考生",,,省市名额,,,"区属
名额",,,华附石牌,,"华附
知识
城",,,省实荔湾,,省实白云,,,广雅荔湾,,广雅花都,,执信越秀,,,执信天河,,"二
中",,六中海珠,,六中从化,,,六中花都,,侨中,,协和,,广附,,"铁
__
越
秀",,"铁
__
番
禺",,"铁
__
白
云",,广州外国语,,,清湾智谷,,清湾智慧城,,,,从化中学,,从化二中,,,从化五中,,流溪中学
,0117 ,从化区,,,,6717 ,,,3SS,,,1486 ,,,11 ,,13 ,,,21 ,,1S,,,20 ,,1S,,16 ,,,23 ,,29 ,,22 ,,1S,,,14 ,,10 ,,18 ,,27 ,,10 ,,10 ,,17 ,,20 ,,,12 ,,17 ,,,,400 ,,382 ,,,324 ,,380 
1 ,01 1702,广州市从化区吕田中学,,,,179 ,,,9 ,,,37 ,,,0 ,,0 ,,,0 ,,2 ,,,0 ,,0 ,,0 ,,,1 ,,2 ,,0 ,,1 ,,,0 ,,0 ,,0 ,,2 ,,0 ,,0 ,,0 ,,1 ,,,0 ,,0 ,,,,9 ,,8 ,,,S,,1S
2 ,01 1704,广州市从化区良口中学,,,,2S2,,,13 ,,,S2,,,0 ,,0 ,,,1 ,,1 ,,,0 ,,1 ,,0 ,,,2 ,,2 ,,0 ,,2 ,,,1 ,,1 ,,1 ,,0 ,,0 ,,0 ,,1 ,,0 ,,,0 ,,0 ,,,,12 ,,13 ,,,17 ,,10 
3 ,01 170S,广州市从化区第五中学,,,,149 ,,,13 ,,,31 ,,,0 ,,0 ,,,2 ,,0 ,,,0 ,,0 ,,1 ,,,1 ,,1 ,,0 ,,S,,,0 ,,0 ,,2 ,,1 ,,0 ,,0 ,,0 ,,0 ,,,0 ,,0 ,,,,7 ,,11 ,,,8 ,,S
4 ,01 1706,广州市从化区桃园中学,,,,172 ,,,9 ,,,42 ,,,0 ,,0 ,,,0 ,,0 ,,,0 ,,0 ,,0 ,,,0 ,,4 ,,0 ,,0 ,,,1 ,,0 ,,0 ,,2 ,,0 ,,1 ,,0 ,,0 ,,,1 ,,0 ,,,,11 ,,14 ,,,S,,12 
S,01 1708,广州市从化区河东中学,,,,423 ,,,22 ,,,102 ,,,1 ,,0 ,,,1 ,,2 ,,,3 ,,0 ,,0 ,,,1 ,,3 ,,3 ,,0 ,,,0 ,,0 ,,0 ,,3 ,,1 ,,1 ,,1 ,,0 ,,,1 ,,1 ,,,,19 ,,26 ,,,21 ,,36 
6 ,01 1709,广州市从化区神岗中学,,,,228 ,,,12 ,,,SS,,,1 ,,0 ,,,1 ,,1 ,,,1 ,,0 ,,0 ,,,0 ,,1 ,,0 ,,0 ,,,1 ,,1 ,,0 ,,1 ,,0 ,,0 ,,2 ,,2 ,,,0 ,,0 ,,,,16 ,,13 ,,,9 ,,17 
7 ,01 1710,广东外语外贸大学从化实验中学,,,,36S,,,19 ,,,76 ,,,1 ,,1 ,,,1 ,,0 ,,,2 ,,0 ,,1 ,,,1 ,,0 ,,2 ,,0 ,,,1 ,,2 ,,3 ,,0 ,,0 ,,0 ,,2 ,,2 ,,,0 ,,0 ,,,,21 ,,17 ,,,14 ,,24 
8 ,011711 ,广州市从化区太平中学,,,,189 ,,,10 ,,,4S,,,0 ,,0 ,,,1 ,,1 ,,,1 ,,0 ,,0 ,,,1 ,,1 ,,0 ,,0 ,,,2 ,,0 ,,1 ,,1 ,,0 ,,0 ,,0 ,,1 ,,,0 ,,0 ,,,,7 ,,10 ,,,16 ,,12 
9 ,01 1712,广州市从化区太平第二中学,,,,264 ,,,14 ,,,SS,,,1 ,,1 ,,,0 ,,1 ,,,1 ,,0 ,,1 ,,,0 ,,2 ,,2 ,,0 ,,,1 ,,0 ,,1 ,,0 ,,1 ,,0 ,,0 ,,1 ,,,0 ,,1 ,,,,10 ,,16 ,,,10 ,,19 
10 ,01 1713,广州市从化区城郊中学,,,,489 ,,,2S,,,117 ,,,1 ,,2 ,,,3 ,,2 ,,,2 ,,0 ,,1 ,,,1 ,,0 ,,4 ,,0 ,,,2 ,,0 ,,2 ,,1 ,,1 ,,1 ,,0 ,,0 ,,,1 ,,1 ,,,,42 ,,29 ,,,28 ,,18 
11 ,01 1714,广州市从化区民乐中学,,,,127 ,,,6 ,,,26 ,,,0 ,,0 ,,,1 ,,1 ,,,0 ,,0 ,,0 ,,,1 ,,0 ,,0 ,,0 ,,,1 ,,0 ,,0 ,,0 ,,0 ,,1 ,,0 ,,0 ,,,0 ,,1 ,,,,S,,7 ,,,S,,9 
12 ,01 171S,广州市从化区棋杆中学,,,,217 ,,,11 ,,,S2,,,0 ,,0 ,,,1 ,,1 ,,,0 ,,0 ,,0 ,,,1 ,,1 ,,0 ,,0 ,,,0 ,,2 ,,2 ,,0 ,,1 ,,1 ,,1 ,,0 ,,,0 ,,0 ,,,,10 ,,1S,,,14 ,,13 
13 ,01 1716,广州市从化区鳌头中学,,,,482 ,,,2S,,,116 ,,,1 ,,2 ,,,2 ,,1 ,,,2 ,,3 ,,2 ,,,1 ,,0 ,,4 ,,1 ,,,0 ,,0 ,,1 ,,1 ,,1 ,,0 ,,0 ,,3 ,,,0 ,,0 ,,,,3S,,22 ,,,2S,,34 
14 ,01 1718,广州市从化区龙潭中学,,,,368 ,,,19 ,,,88 ,,,0 ,,1 ,,,0 ,,0 ,,,1 ,,1 ,,0 ,,,2 ,,2 ,,2 ,,1 ,,,1 ,,0 ,,1 ,,1 ,,0 ,,1 ,,1 ,,2 ,,,0 ,,2 ,,,,29 ,,14 ,,,16 ,,29 
1S,01 1720,广州市从化区从化中学,,,,312 ,,,16 ,,,7S,,,0 ,,1 ,,,0 ,,0 ,,,1 ,,2 ,,0 ,,,2 ,,2 ,,0 ,,1 ,,,0 ,,0 ,,0 ,,1 ,,1 ,,0 ,,0 ,,1 ,,,3 ,,1 ,,,,24 ,,23 ,,,14 ,,14 
16 ,01 1721,广州市从化区第二中学,,,,388 ,,,20 ,,,80 ,,,1 ,,0 ,,,1 ,,0 ,,,1 ,,0 ,,1 ,,,1 ,,3 ,,1 ,,0 ,,,1 ,,2 ,,0 ,,2 ,,1 ,,1 ,,0 ,,1 ,,,1 ,,2 ,,,,24 ,,17 ,,,23 ,,16 
17 ,01 1722,广东外语外贸大学从化第三中学,,,,2S8,,,13 ,,,S3,,,0 ,,0 ,,,3 ,,2 ,,,0 ,,1 ,,0 ,,,0 ,,1 ,,1 ,,1 ,,,0 ,,0 ,,1 ,,1 ,,0 ,,0 ,,0 ,,0 ,,,0 ,,2 ,,,,18 ,,12 ,,,8 ,,1S
18 ,01 1723,广州市从化区第四中学,,,,234 ,,,12 ,,,49 ,,,1 ,,0 ,,,0 ,,0 ,,,1 ,,1 ,,2 ,,,1 ,,0 ,,0 ,,2 ,,,0 ,,0 ,,0 ,,0 ,,0 ,,0 ,,1 ,,1 ,,,1 ,,1 ,,,,13 ,,16 ,,,13 ,,7 
19 ,01 1724,广州市从化区流溪中学,,,,310 ,,,16 ,,,64 ,,,1 ,,0 ,,,2 ,,0 ,,,1 ,,2 ,,1 ,,,0 ,,2 ,,1 ,,0 ,,,0 ,,0 ,,0 ,,1 ,,0 ,,1 ,,1 ,,2 ,,,0 ,,1 ,,,,17 ,,20 ,,,18 ,,9 
注:各初中学校分得的名额分配计划已包含面向集团直接分配的名额                                                                                                                                                        2026_0S_12 1S:21,,,,,,,,,,,,,,,,,,,,,,,,,,,,,,,,,,,,,,,,,,,,,,,,,,,,,,,,,,,,,,,,,,,,,,,
序号,代码,初中学校,,,,名额考生,,,省市名额,,,区属名额,,,华附石牌,,"华附
知识
城",,,省实荔湾,,省实白云,,,广雅荔湾,,广雅花都,,执信越秀,,,执信天河,,"二
中",,六中海珠,,六中从化,,,六中花都,,侨中,,协和,,广附,,"铁
__
越
秀",,"铁
__
番
禺",,"铁
__
白
云",,"广州
外国
语",,,清湾智谷,,"清湾
智慧
城",,,,从化中学,,从化二中,,,从化五中,,流溪中学
20 ,01 1725,广州市从化区第七中学,,,,517 ,,,27 ,,,107 ,,,2 ,,1 ,,,1 ,,0 ,,,1 ,,0 ,,4 ,,,2 ,,0 ,,1 ,,1 ,,,1 ,,0 ,,1 ,,2 ,,2 ,,1 ,,2 ,,1 ,,,2 ,,2 ,,,,22 ,,33 ,,,22 ,,30 
21 ,01 1727,广州大学附属中学从化实验学校,,,,114 ,,,10 ,,,24 ,,,0 ,,0 ,,,0 ,,0 ,,,0 ,,0 ,,0 ,,,2 ,,1 ,,0 ,,0 ,,,0 ,,0 ,,0 ,,4 ,,0 ,,0 ,,1 ,,1 ,,,1 ,,0 ,,,,4 ,,7 ,,,6 ,,7 
22 ,01 1728,广州市第六中学(从化校区),,,,269 ,,,14 ,,,56 ,,,0 ,,0 ,,,0 ,,0 ,,,1 ,,3 ,,0 ,,,1 ,,1 ,,1 ,,0 ,,,0 ,,0 ,,0 ,,2 ,,1 ,,0 ,,1 ,,0 ,,,1 ,,2 ,,,,19 ,,15 ,,,11 ,,11 
23 ,01 1770,广州英豪学校,,,,103 ,,,5 ,,,21 ,,,0 ,,0 ,,,0 ,,0 ,,,0 ,,0 ,,0 ,,,0 ,,0 ,,0 ,,0 ,,,1 ,,1 ,,0 ,,1 ,,0 ,,1 ,,0 ,,1 ,,,0 ,,0 ,,,,3 ,,8 ,,,6 ,,4 
24 ,01 1771,广州市龙外实验学校,,,,108 ,,,5 ,,,22 ,,,0 ,,2 ,,,0 ,,0 ,,,0 ,,1 ,,1 ,,,0 ,,0 ,,0 ,,0 ,,,0 ,,0 ,,0 ,,0 ,,0 ,,0 ,,1 ,,0 ,,,0 ,,0 ,,,,12 ,,3 ,,,2 ,,5 
25 ,01 1773,广州市从化区博大学校,,,,15 ,,,1 ,,,3 ,,,0 ,,0 ,,,0 ,,0 ,,,0 ,,0 ,,0 ,,,0 ,,0 ,,0 ,,0 ,,,0 ,,0 ,,1 ,,0 ,,0 ,,0 ,,0 ,,0 ,,,0 ,,0 ,,,,2 ,,0 ,,,1 ,,0 
26 ,01 1775,广州市从化区黄外翰林实验学校,,,,185 ,,,9 ,,,38 ,,,0 ,,2 ,,,0 ,,0 ,,,1 ,,0 ,,1 ,,,1 ,,0 ,,0 ,,0 ,,,0 ,,1 ,,1 ,,0 ,,0 ,,0 ,,2 ,,0 ,,,0 ,,0 ,,,,9 ,,13 ,,,7 ,,9 
"注:各初中学校分得的名额分配计划已包含面向集团直接分配的名额.                                                                                                                                                      2026_05_12 15:21
第2页 共2页",,,,,,,,,,,,,,,,,,,,,,,,,,,,,,,,,,,,,,,,,,,,,,,,,,,,,,,,,,,,,,,,,,,,,,,
序号,代码,初中学校,,,,名额考生,,,省市名额,,,"区属
名额",,,华附石牌,,华附知识城,,省实荔湾,,省实白云,,广雅荔湾,,广雅花都,,执信越秀,,执信天河,,"二
中",,六中海珠,,六中从化,,六中花都,,侨中,,协和,,广附,,"铁
__
越
秀",,"铁
__
番
禺",,"铁
__
白
云",,广州外国语,,清湾智谷,,清湾智慧城,,增城中学,,郑中钧,,,"增
城
__
中",,,增城高级,,新塘中学,,荔城中学,,增城应元
,0118 ,增城区,,,,14831 ,,,806 ,,,2250 ,,,24 ,,41 ,,46 ,,34 ,,45 ,,33 ,,35 ,,50 ,,63 ,,49 ,,22 ,,31 ,,23 ,,40 ,,52 ,,21 ,,22 ,,38 ,,73 ,,26 ,,38 ,,400 ,,250 ,,,350 ,,,400 ,,350 ,,300 ,,200 
1 ,01 1801,广大附中增城实验中学,,,,708 ,,,36 ,,,99 ,,,0 ,,3 ,,2 ,,1 ,,3 ,,0 ,,1 ,,3 ,,3 ,,2 ,,1 ,,1 ,,1 ,,2 ,,1 ,,0 ,,1 ,,3 ,,2 ,,2 ,,4 ,,26 ,,13 ,,,9 ,,,19 ,,11 ,,8 ,,13 
2 ,01 1802,广州市增城区新塘镇第二中学,,,,186 ,,,10 ,,,32 ,,,1 ,,1 ,,4 ,,1 ,,0 ,,0 ,,0 ,,0 ,,1 ,,0 ,,0 ,,1 ,,0 ,,0 ,,0 ,,1 ,,0 ,,0 ,,0 ,,0 ,,0 ,,6 ,,1 ,,,0 ,,,5 ,,9 ,,5 ,,6 
3 ,01 1803,广州市增城区新塘镇第三中学,,,,442 ,,,23 ,,,62 ,,,0 ,,1 ,,3 ,,0 ,,2 ,,2 ,,1 ,,2 ,,4 ,,0 ,,0 ,,1 ,,2 ,,0 ,,1 ,,0 ,,0 ,,0 ,,4 ,,0 ,,0 ,,3 ,,9 ,,,12 ,,,14 ,,8 ,,8 ,,8 
4 ,01 1804,广州市增城区新塘镇菊泉中学,,,,211 ,,,11 ,,,37 ,,,0 ,,0 ,,2 ,,0 ,,0 ,,0 ,,1 ,,0 ,,0 ,,1 ,,0 ,,0 ,,0 ,,0 ,,0 ,,2 ,,0 ,,3 ,,0 ,,1 ,,1 ,,4 ,,2 ,,,8 ,,,5 ,,13 ,,4 ,,1 
5 ,01 1805,广州市增城区水电二局学校,,,,58 ,,,3 ,,,10 ,,,0 ,,0 ,,0 ,,0 ,,0 ,,1 ,,0 ,,0 ,,0 ,,0 ,,0 ,,0 ,,0 ,,1 ,,1 ,,0 ,,0 ,,0 ,,0 ,,0 ,,0 ,,2 ,,3 ,,,0 ,,,0 ,,4 ,,1 ,,0 
6 ,01 1806,广州市增城区新塘镇天伦学校,,,,88 ,,,4 ,,,15 ,,,0 ,,0 ,,0 ,,0 ,,0 ,,0 ,,1 ,,0 ,,0 ,,0 ,,0 ,,0 ,,0 ,,0 ,,1 ,,1 ,,0 ,,0 ,,1 ,,0 ,,0 ,,0 ,,2 ,,,1 ,,,2 ,,5 ,,3 ,,2 
7 ,01 1807,广州市增城区新塘镇大敦中学,,,,88 ,,,4 ,,,15 ,,,0 ,,1 ,,0 ,,1 ,,0 ,,0 ,,0 ,,0 ,,0 ,,0 ,,0 ,,0 ,,0 ,,0 ,,1 ,,0 ,,0 ,,0 ,,0 ,,1 ,,0 ,,1 ,,2 ,,,1 ,,,4 ,,3 ,,2 ,,2 
8 ,01 1808,广州市增城区永宁街永新中学,,,,565 ,,,29 ,,,79 ,,,0 ,,2 ,,1 ,,2 ,,1 ,,3 ,,0 ,,4 ,,2 ,,3 ,,0 ,,0 ,,2 ,,0 ,,3 ,,0 ,,2 ,,0 ,,2 ,,2 ,,0 ,,15 ,,7 ,,,12 ,,,17 ,,12 ,,12 ,,4 
9 ,01 1809,广州市增城区合生育才学校,,,,210 ,,,11 ,,,29 ,,,0 ,,0 ,,1 ,,0 ,,0 ,,0 ,,0 ,,0 ,,4 ,,0 ,,0 ,,2 ,,0 ,,1 ,,1 ,,0 ,,0 ,,1 ,,0 ,,0 ,,1 ,,7 ,,6 ,,,4 ,,,6 ,,3 ,,3 ,,0 
10 ,01 1810,广州市增城区华南师范大学附属新塘学校,,,,97 ,,,5 ,,,14 ,,,0 ,,0 ,,0 ,,1 ,,0 ,,0 ,,1 ,,0 ,,0 ,,0 ,,0 ,,0 ,,0 ,,0 ,,0 ,,1 ,,0 ,,1 ,,0 ,,0 ,,1 ,,3 ,,1 ,,,1 ,,,3 ,,5 ,,1 ,,0 
11 ,011811 ,广州市增城区新塘镇沙埔中学,,,,231 ,,,12 ,,,32 ,,,0 ,,1 ,,0 ,,0 ,,0 ,,0 ,,1 ,,2 ,,0 ,,0 ,,0 ,,2 ,,0 ,,0 ,,1 ,,1 ,,1 ,,0 ,,0 ,,0 ,,3 ,,5 ,,2 ,,,6 ,,,9 ,,5 ,,4 ,,1 
12 ,01 1812,广州市增城区仙村中学,,,,549 ,,,28 ,,,77 ,,,0 ,,2 ,,2 ,,1 ,,3 ,,2 ,,1 ,,2 ,,1 ,,2 ,,2 ,,1 ,,0 ,,0 ,,3 ,,2 ,,1 ,,1 ,,0 ,,1 ,,1 ,,11 ,,13 ,,,10 ,,,15 ,,11 ,,10 ,,7 
13 ,01 1813,广州市增城区华南师范大学附属增江学校,,,,122 ,,,6 ,,,17 ,,,1 ,,0 ,,0 ,,1 ,,2 ,,0 ,,0 ,,1 ,,0 ,,0 ,,0 ,,0 ,,0 ,,0 ,,0 ,,0 ,,0 ,,1 ,,0 ,,0 ,,0 ,,4 ,,2 ,,,2 ,,,4 ,,4 ,,1 ,,0 
14 ,01 1815,广州增城外国语实验中学,,,,834 ,,,71 ,,,117 ,,,0 ,,1 ,,1 ,,1 ,,3 ,,1 ,,1 ,,1 ,,4 ,,5 ,,2 ,,0 ,,2 ,,5 ,,2 ,,2 ,,1 ,,4 ,,32 ,,1 ,,2 ,,22 ,,9 ,,,10 ,,,26 ,,26 ,,17 ,,7 
15 ,01 1816,广州市增城区石滩镇港侨中学,,,,280 ,,,14 ,,,48 ,,,0 ,,0 ,,0 ,,0 ,,1 ,,1 ,,0 ,,0 ,,2 ,,0 ,,1 ,,0 ,,0 ,,1 ,,2 ,,0 ,,1 ,,3 ,,0 ,,2 ,,0 ,,5 ,,2 ,,,20 ,,,6 ,,4 ,,6 ,,5 
16 ,01 1817,广州市增城区三江中学,,,,401 ,,,21 ,,,69 ,,,1 ,,1 ,,0 ,,1 ,,0 ,,1 ,,1 ,,0 ,,2 ,,3 ,,1 ,,1 ,,1 ,,0 ,,1 ,,0 ,,1 ,,2 ,,1 ,,2 ,,1 ,,9 ,,5 ,,,20 ,,,5 ,,12 ,,8 ,,10 
17 ,01 1819,华南师范大学附属中学增城学校,,,,399 ,,,34 ,,,56 ,,,1 ,,14 ,,0 ,,1 ,,1 ,,2 ,,1 ,,3 ,,2 ,,1 ,,0 ,,2 ,,0 ,,0 ,,2 ,,1 ,,1 ,,1 ,,0 ,,0 ,,1 ,,11 ,,8 ,,,9 ,,,15 ,,7 ,,4 ,,2 
18 ,01 1820,广州市增城区朱村中学,,,,507 ,,,26 ,,,71 ,,,3 ,,0 ,,4 ,,0 ,,1 ,,1 ,,2 ,,1 ,,3 ,,1 ,,1 ,,0 ,,0 ,,1 ,,1 ,,0 ,,1 ,,0 ,,2 ,,3 ,,1 ,,8 ,,7 ,,,11 ,,,9 ,,16 ,,12 ,,8 
19 ,01 1821,广州市增城区永宁中学,,,,190 ,,,10 ,,,27 ,,,1 ,,1 ,,0 ,,1 ,,0 ,,0 ,,0 ,,1 ,,1 ,,0 ,,0 ,,0 ,,0 ,,1 ,,1 ,,0 ,,1 ,,0 ,,0 ,,1 ,,1 ,,2 ,,4 ,,,5 ,,,5 ,,4 ,,4 ,,3 
注:各初中学校分得的名额分配计划已包含面向集团直接分配的名额.                                                                                                                                                      2026_05_12 15:21,,,,,,,,,,,,,,,,,,,,,,,,,,,,,,,,,,,,,,,,,,,,,,,,,,,,,,,,,,,,,,,,,,,,,,,
序号,代码,初中学校,,,,名额考生,,,省市名额,,,区属名额,,,华附石牌,,华附知识城,,省实荔湾,,省实白云,,广雅荔湾,,广雅花都,,执信越秀,,执信天河,,"二
中",,六中海珠,,六中从化,,六中花都,,侨中,,协和,,广附,,"铁
__
越
秀",,"铁
__
番
禺",,"铁
__
白
云",,广州外国语,,清湾智谷,,清湾智慧城,,增城中学,,郑中钧,,,"增
城
__
中",,,增城高级,,新塘中学,,荔城中学,,增城应元
20 ,01 1822,广州市增城区中新中学,,,,394 ,,,20 ,,,55 ,,,,,0 ,,4 ,,0 ,,2 ,,0 ,,0 ,,1 ,,2 ,,2 ,,0 ,,2 ,,0 ,,1 ,,1 ,,0 ,,0 ,,0 ,,3 ,,1 ,,1 ,,8 ,,10 ,,,12 ,,,6 ,,9 ,,7 ,,3 
21 ,01 1823,广州市增城区永安学校,,,,102 ,,,5 ,,,14 ,,,,,0 ,,1 ,,1 ,,0 ,,0 ,,0 ,,0 ,,0 ,,0 ,,0 ,,1 ,,0 ,,0 ,,1 ,,1 ,,0 ,,0 ,,0 ,,0 ,,0 ,,1 ,,3 ,,,0 ,,,2 ,,3 ,,1 ,,4 
22 ,01 1826,广州市增城区中新镇福和中学,,,,496 ,,,26 ,,,87 ,,,,,0 ,,0 ,,3 ,,0 ,,1 ,,3 ,,1 ,,3 ,,3 ,,1 ,,2 ,,1 ,,0 ,,0 ,,0 ,,1 ,,0 ,,2 ,,1 ,,3 ,,5 ,,6 ,,,31 ,,,9 ,,11 ,,17 ,,8 
23 ,01 1830,广州市增城区派潭镇实验学校,,,,620 ,,,32 ,,,87 ,,,,,0 ,,2 ,,0 ,,3 ,,0 ,,2 ,,3 ,,2 ,,5 ,,0 ,,0 ,,2 ,,3 ,,3 ,,1 ,,0 ,,2 ,,1 ,,1 ,,2 ,,18 ,,12 ,,,11 ,,,15 ,,15 ,,11 ,,5 
24 ,01 1831,广州市增城区正果中学,,,,366 ,,,19 ,,,63 ,,,,,1 ,,3 ,,2 ,,0 ,,0 ,,1 ,,2 ,,0 ,,0 ,,0 ,,1 ,,1 ,,2 ,,2 ,,0 ,,0 ,,0 ,,1 ,,0 ,,1 ,,10 ,,17 ,,,11 ,,,5 ,,7 ,,7 ,,6 
25 ,01 1832,广州市增城区小楼中学,,,,338 ,,,17 ,,,58 ,,,,,0 ,,1 ,,2 ,,0 ,,0 ,,2 ,,0 ,,0 ,,2 ,,0 ,,1 ,,1 ,,3 ,,0 ,,1 ,,0 ,,1 ,,0 ,,1 ,,1 ,,6 ,,14 ,,,2 ,,,12 ,,10 ,,6 ,,8 
26 ,01 1834,广州市增城区华侨中学,,,,448 ,,,23 ,,,78 ,,,,,0 ,,2 ,,1 ,,3 ,,0 ,,4 ,,2 ,,2 ,,1 ,,1 ,,1 ,,0 ,,0 ,,2 ,,0 ,,0 ,,2 ,,1 ,,0 ,,1 ,,30 ,,6 ,,,14 ,,,6 ,,7 ,,10 ,,5 
27 ,01 1835,广州市增城区荔城街第二中学,,,,112 ,,,6 ,,,20 ,,,,,0 ,,1 ,,0 ,,1 ,,1 ,,0 ,,0 ,,0 ,,0 ,,0 ,,0 ,,0 ,,0 ,,0 ,,1 ,,0 ,,0 ,,1 ,,0 ,,0 ,,7 ,,0 ,,,1 ,,,4 ,,4 ,,3 ,,1 
28 ,01 1836,广州市增城区荔城街第三中学,,,,498 ,,,26 ,,,87 ,,,,,1 ,,0 ,,1 ,,0 ,,2 ,,0 ,,5 ,,1 ,,4 ,,1 ,,1 ,,2 ,,0 ,,1 ,,1 ,,1 ,,1 ,,2 ,,0 ,,1 ,,25 ,,2 ,,,11 ,,,20 ,,9 ,,9 ,,11 
29 ,01 1837,广州市增城区荔城街荔景中学,,,,475 ,,,24 ,,,83 ,,,,,1 ,,4 ,,2 ,,1 ,,1 ,,2 ,,0 ,,1 ,,1 ,,1 ,,1 ,,1 ,,2 ,,0 ,,0 ,,1 ,,2 ,,3 ,,0 ,,0 ,,27 ,,12 ,,,8 ,,,10 ,,7 ,,12 ,,7 
30 ,01 1839,广州市增城区挂绿实验学校,,,,394 ,,,20 ,,,68 ,,,,,0 ,,1 ,,3 ,,1 ,,1 ,,1 ,,0 ,,1 ,,1 ,,0 ,,1 ,,0 ,,2 ,,1 ,,1 ,,0 ,,0 ,,3 ,,0 ,,2 ,,20 ,,6 ,,,4 ,,,14 ,,11 ,,7 ,,6 
31 ,01 1840,广州市增城区英华学校,,,,270 ,,,14 ,,,38 ,,,,,1 ,,0 ,,0 ,,0 ,,0 ,,0 ,,0 ,,2 ,,0 ,,1 ,,1 ,,1 ,,1 ,,2 ,,0 ,,1 ,,1 ,,0 ,,1 ,,1 ,,6 ,,4 ,,,3 ,,,12 ,,3 ,,7 ,,3 
32 ,01 1842,广州市增城区奥体学校,,,,22 ,,,1 ,,,3 ,,,,,0 ,,0 ,,0 ,,0 ,,0 ,,0 ,,0 ,,0 ,,0 ,,1 ,,0 ,,0 ,,0 ,,0 ,,0 ,,0 ,,0 ,,0 ,,0 ,,0 ,,1 ,,0 ,,,1 ,,,0 ,,0 ,,1 ,,0 
33 ,01 1843,广州市增城区增城中学(初中部),,,,672 ,,,35 ,,,94 ,,,,,0 ,,3 ,,1 ,,3 ,,1 ,,1 ,,6 ,,6 ,,1 ,,1 ,,1 ,,0 ,,2 ,,1 ,,0 ,,1 ,,1 ,,2 ,,1 ,,2 ,,18 ,,12 ,,,8 ,,,15 ,,15 ,,13 ,,13 
34 ,01 1844,广州市增城区第二中学,,,,670 ,,,35 ,,,116 ,,,,,3 ,,0 ,,1 ,,2 ,,2 ,,0 ,,2 ,,4 ,,1 ,,2 ,,4 ,,0 ,,2 ,,3 ,,1 ,,2 ,,3 ,,2 ,,1 ,,0 ,,16 ,,14 ,,,34 ,,,18 ,,14 ,,12 ,,8 
35 ,01 1845,广州市增城区应元学校,,,,460 ,,,24 ,,,64 ,,,,,1 ,,1 ,,0 ,,1 ,,3 ,,0 ,,1 ,,2 ,,2 ,,1 ,,0 ,,2 ,,1 ,,2 ,,0 ,,1 ,,0 ,,3 ,,1 ,,1 ,,15 ,,6 ,,,7 ,,,10 ,,11 ,,9 ,,6 
36 ,01 1846,广州理工实验学校,,,,215 ,,,11 ,,,30 ,,,,,0 ,,0 ,,1 ,,2 ,,0 ,,1 ,,2 ,,0 ,,0 ,,0 ,,0 ,,0 ,,3 ,,0 ,,0 ,,1 ,,0 ,,1 ,,0 ,,0 ,,4 ,,3 ,,,3 ,,,12 ,,1 ,,3 ,,4 
37 ,01 1847,广州市增城区华商外语实验学校,,,,98 ,,,5 ,,,14 ,,,,,1 ,,0 ,,0 ,,0 ,,0 ,,1 ,,1 ,,0 ,,0 ,,0 ,,1 ,,0 ,,0 ,,0 ,,0 ,,0 ,,0 ,,0 ,,1 ,,0 ,,2 ,,0 ,,,1 ,,,3 ,,4 ,,3 ,,1 
38 ,01 1848,广州市斐特思学校,,,,0 ,,,0 ,,,0 ,,,,,0 ,,0 ,,0 ,,0 ,,0 ,,0 ,,0 ,,0 ,,0 ,,0 ,,0 ,,0 ,,0 ,,0 ,,0 ,,0 ,,0 ,,0 ,,0 ,,0 ,,0 ,,0 ,,,0 ,,,0 ,,0 ,,0 ,,0 
39 ,01 1870,广州市增城区东江外语实验学校,,,,197 ,,,10 ,,,28 ,,,,,0 ,,0 ,,1 ,,1 ,,0 ,,1 ,,0 ,,1 ,,2 ,,0 ,,0 ,,0 ,,0 ,,0 ,,0 ,,0 ,,1 ,,1 ,,0 ,,1 ,,6 ,,5 ,,,7 ,,,5 ,,4 ,,1 ,,0 
注:各初中学校分得的名额分配计划已包含面向集团直接分配的名额.                                                                                                                                                      2026_05_12 15:21,,,,,,,,,,,,,,,,,,,,,,,,,,,,,,,,,,,,,,,,,,,,,,,,,,,,,,,,,,,,,,,,,,,,,,,
序号,代码,初中学校,,,,名额考生,,省市名额,,,区属名额,,华附石牌,,华附知识城,,,省实荔湾,,省实白云,,广雅荔湾,,广雅花都,,执信越秀,,执信天河,,"二
中",,六中海珠,,六中从化,,,六中花都,,侨中,,协和,,广附,,"铁
__
越
秀",,"铁
__
番
禺",,"铁
__
白
云",,广州外国语,,清湾智谷,,清湾智慧城,,,增城中学,郑中钧,,,"增
城
__
中",,,增城高级,,新塘中学,,荔城中学,,增城应元
40 ,01 1872,广州市增城区五星学校,,,,1 ,,0 ,,,1 ,,0 ,,0 ,,,0 ,,0 ,,0 ,,0 ,,0 ,,0 ,,0 ,,0 ,,0 ,,,0 ,,0 ,,0 ,,0 ,,0 ,,0 ,,0 ,,0 ,,0 ,,0 ,,,1 ,0 ,,,0 ,,,0 ,,0 ,,0 ,,0 
41 ,01 1873,广州市增城区新星学校,,,,18 ,,1 ,,,3 ,,0 ,,0 ,,,0 ,,0 ,,0 ,,0 ,,0 ,,1 ,,0 ,,0 ,,0 ,,,0 ,,0 ,,0 ,,0 ,,0 ,,0 ,,0 ,,0 ,,0 ,,0 ,,,1 ,2 ,,,0 ,,,0 ,,0 ,,0 ,,0 
42 ,01 1874,广州市增城区新雅新世界实验学校,,,,4 ,,0 ,,,1 ,,0 ,,0 ,,,0 ,,0 ,,0 ,,0 ,,0 ,,0 ,,0 ,,0 ,,0 ,,,0 ,,0 ,,0 ,,0 ,,0 ,,0 ,,0 ,,0 ,,0 ,,0 ,,,0 ,0 ,,,0 ,,,0 ,,1 ,,0 ,,0 
43 ,01 1875,广州市增城区凤凰城中英文学校,,,,151 ,,8 ,,,21 ,,0 ,,0 ,,,0 ,,0 ,,0 ,,0 ,,0 ,,0 ,,2 ,,1 ,,0 ,,,1 ,,0 ,,1 ,,1 ,,0 ,,0 ,,1 ,,0 ,,0 ,,1 ,,,1 ,2 ,,,5 ,,,3 ,,2 ,,6 ,,2 
44 ,01 1876,广州市增城区新蕾学校,,,,4 ,,1 ,,,0 ,,0 ,,0 ,,,0 ,,0 ,,0 ,,0 ,,0 ,,0 ,,0 ,,0 ,,0 ,,,0 ,,0 ,,0 ,,0 ,,1 ,,0 ,,0 ,,0 ,,0 ,,0 ,,,0 ,0 ,,,0 ,,,0 ,,0 ,,0 ,,0 
45 ,01 1877,广州市增城区英才学校,,,,98 ,,5 ,,,14 ,,0 ,,1 ,,,0 ,,0 ,,0 ,,1 ,,0 ,,0 ,,0 ,,0 ,,1 ,,,0 ,,1 ,,0 ,,0 ,,0 ,,0 ,,0 ,,0 ,,0 ,,1 ,,,2 ,0 ,,,3 ,,,4 ,,3 ,,2 ,,0 
46 ,01 1878,广州市香江中学,,,,195 ,,10 ,,,27 ,,1 ,,1 ,,,1 ,,2 ,,1 ,,0 ,,0 ,,0 ,,1 ,,0 ,,0 ,,,0 ,,1 ,,1 ,,1 ,,0 ,,0 ,,0 ,,0 ,,0 ,,0 ,,,3 ,0 ,,,5 ,,,6 ,,8 ,,4 ,,1 
47 ,01 1879,广州市增城区春晖学校,,,,0 ,,0 ,,,0 ,,0 ,,0 ,,,0 ,,0 ,,0 ,,0 ,,0 ,,0 ,,0 ,,0 ,,0 ,,,0 ,,0 ,,0 ,,0 ,,0 ,,0 ,,0 ,,0 ,,0 ,,0 ,,,0 ,0 ,,,0 ,,,0 ,,0 ,,0 ,,0 
48 ,01 1880,广州市增城区海伦堡学校,,,,3 ,,0 ,,,1 ,,0 ,,0 ,,,0 ,,0 ,,0 ,,0 ,,0 ,,0 ,,0 ,,0 ,,0 ,,,0 ,,0 ,,0 ,,0 ,,0 ,,0 ,,0 ,,0 ,,0 ,,0 ,,,0 ,0 ,,,0 ,,,0 ,,1 ,,0 ,,0 
49 ,01 1882,广州市增城区荔湖城外国语学校,,,,95 ,,5 ,,,13 ,,0 ,,0 ,,,0 ,,0 ,,2 ,,0 ,,0 ,,0 ,,1 ,,1 ,,0 ,,,0 ,,1 ,,0 ,,0 ,,0 ,,0 ,,0 ,,0 ,,0 ,,0 ,,,3 ,1 ,,,2 ,,,2 ,,3 ,,1 ,,1 
50 ,01 1883,广州市增城区官湖学校,,,,4 ,,1 ,,,0 ,,0 ,,0 ,,,0 ,,0 ,,0 ,,0 ,,0 ,,1 ,,0 ,,0 ,,0 ,,,0 ,,0 ,,0 ,,0 ,,0 ,,0 ,,0 ,,0 ,,0 ,,0 ,,,0 ,0 ,,,0 ,,,0 ,,0 ,,0 ,,0 
51 ,01 1884,广州市增城区横岭学校,,,,1 ,,0 ,,,1 ,,0 ,,0 ,,,0 ,,0 ,,0 ,,0 ,,0 ,,0 ,,0 ,,0 ,,0 ,,,0 ,,0 ,,0 ,,0 ,,0 ,,0 ,,0 ,,0 ,,0 ,,0 ,,,1 ,0 ,,,0 ,,,0 ,,0 ,,0 ,,0 
52 ,01 1885,广州市增城区香江学校,,,,118 ,,6 ,,,17 ,,0 ,,0 ,,,0 ,,1 ,,1 ,,1 ,,0 ,,0 ,,0 ,,0 ,,0 ,,,0 ,,0 ,,0 ,,1 ,,1 ,,1 ,,0 ,,0 ,,0 ,,0 ,,,0 ,0 ,,,2 ,,,6 ,,1 ,,7 ,,1 
53 ,01 1886,广州市增城区碧桂园学校,,,,66 ,,3 ,,,9 ,,1 ,,0 ,,,0 ,,0 ,,1 ,,0 ,,0 ,,0 ,,0 ,,1 ,,0 ,,,0 ,,0 ,,0 ,,0 ,,0 ,,0 ,,0 ,,0 ,,0 ,,0 ,,,2 ,2 ,,,1 ,,,3 ,,0 ,,1 ,,0 
54 ,01 1887,广州市增城区东园学校,,,,9 ,,1 ,,,1 ,,0 ,,0 ,,,0 ,,0 ,,0 ,,0 ,,0 ,,0 ,,0 ,,1 ,,0 ,,,0 ,,0 ,,0 ,,0 ,,0 ,,0 ,,0 ,,0 ,,0 ,,0 ,,,0 ,0 ,,,0 ,,,0 ,,0 ,,1 ,,0 
55 ,01 1888,广州市增城区华大彦宏学校,,,,28 ,,1 ,,,4 ,,0 ,,0 ,,,0 ,,0 ,,0 ,,0 ,,0 ,,0 ,,1 ,,0 ,,0 ,,,0 ,,0 ,,0 ,,0 ,,0 ,,0 ,,0 ,,0 ,,0 ,,0 ,,,0 ,0 ,,,0 ,,,0 ,,2 ,,0 ,,2 
56 ,01 1889,广州市黄广附属学校,,,,248 ,,13 ,,,35 ,,1 ,,1 ,,,0 ,,0 ,,1 ,,2 ,,0 ,,0 ,,0 ,,1 ,,1 ,,,0 ,,0 ,,1 ,,3 ,,1 ,,0 ,,0 ,,1 ,,0 ,,0 ,,,6 ,2 ,,,5 ,,,6 ,,6 ,,4 ,,6 
57 ,01 1890,广州市增城区雨露实验学校,,,,70 ,,4 ,,,10 ,,0 ,,0 ,,,1 ,,0 ,,1 ,,0 ,,1 ,,0 ,,0 ,,0 ,,0 ,,,0 ,,0 ,,0 ,,0 ,,0 ,,0 ,,0 ,,0 ,,1 ,,0 ,,,0 ,3 ,,,1 ,,,2 ,,1 ,,2 ,,1 
58 ,01 1891,广州市增城区暨实学校,,,,161 ,,8 ,,,23 ,,1 ,,0 ,,,0 ,,0 ,,1 ,,1 ,,1 ,,0 ,,0 ,,1 ,,1 ,,,0 ,,0 ,,1 ,,0 ,,0 ,,0 ,,1 ,,0 ,,0 ,,0 ,,,2 ,4 ,,,5 ,,,4 ,,3 ,,4 ,,1 
59 ,01 1892,广州市执信中学增城实验学校,,,,458 ,,24 ,,,64 ,,1 ,,1 ,,,1 ,,0 ,,0 ,,0 ,,2 ,,2 ,,2 ,,0 ,,1 ,,,1 ,,1 ,,2 ,,4 ,,0 ,,1 ,,1 ,,2 ,,0 ,,2 ,,,7 ,2 ,,,8 ,,,13 ,,12 ,,15 ,,7 
注:各初中学校分得的名额分配计划已包含面向集团直接分配的名额.                                                                                                                                                      2026_05_12 15:21,,,,,,,,,,,,,,,,,,,,,,,,,,,,,,,,,,,,,,,,,,,,,,,,,,,,,,,,,,,,,,,,,,,,,,,
序号,代码,初中学校,,,,名额考生,,省市名额,,,区属名额,,华附石牌,,华附知识城,,,省实荔湾,,省实白云,,广雅荔湾,,广雅花都,,执信越秀,,执信天河,,"二
中",,六中海珠,,六中从化,,,六中花都,,侨中,,协和,,广附,,"铁
__
越
秀",,"铁
__
番
禺",,"铁
__
白
云",,广州外国语,,清湾智谷,,清湾智慧城,,,增城中学,郑中钧,,,"增
城
__
中",,,增城高级,,新塘中学,,荔城中学,,增城应元
60 ,01 1893,广州市增城区广中实验中学,,,,86 ,,4 ,,,12 ,,0 ,,0 ,,,0 ,,0 ,,0 ,,2 ,,0 ,,0 ,,0 ,,0 ,,0 ,,,0 ,,0 ,,0 ,,1 ,,0 ,,0 ,,1 ,,0 ,,0 ,,0 ,,,2 ,2 ,,,3 ,,,4 ,,0 ,,1 ,,0 
"注:各初中学校分得的名额分配计划已包含面向集团直接分配的名额.                                                                                                                                                      2026_05_12 15:21
第4页 共4页",,,,,,,,,,,,,,,,,,,,,,,,,,,,,,,,,,,,,,,,,,,,,,,,,,,,,,,,,,,,,,,,,,,,,,,
